hop_ip,asn
1.9.244.145,4788
101.53.31.5,24173
102.128.144.193,328210
102.130.49.21,35487
102.130.51.107,969
102.130.51.162,969
102.130.51.174,969
102.130.51.194,969
102.130.51.206,969
102.130.51.88,969
102.130.66.1,37468
102.130.67.113,37468
102.130.68.112,37468
102.130.68.146,37468
102.130.69.5,37468
102.130.70.203,37468
102.130.70.57,37468
102.176.238.155,32437
102.176.238.175,32437
102.176.238.46,32437
102.205.240.1,213481
102.206.164.12,207113
102.206.164.254,207113
102.208.239.122,328266
102.211.153.33,37468
102.212.60.2,329276
102.212.60.3,329276
102.216.158.16,328748
102.216.76.16,328266
102.216.76.20,328266
102.217.156.153,328977
102.217.159.78,328977
102.217.253.201,328964
102.217.253.5,328964
102.219.44.42,60171
102.219.47.82,60171
102.219.47.86,60171
102.220.16.254,328840
102.220.216.12,60171
102.221.178.102,328748
102.221.178.192,328748
102.221.178.40,328748
102.222.105.1,328699
102.23.166.241,328585
102.89.17.205,29465
103.1.76.139,
103.1.76.145,
103.1.76.147,
103.1.76.155,
103.1.76.165,
103.1.77.1,
103.1.77.121,
103.1.77.14,
103.1.77.32,
103.1.77.46,
103.1.77.6,
103.1.77.78,
103.1.77.9,
103.102.166.140,14907
103.102.166.19,14907
103.110.178.247,9268
103.113.176.1,137566
103.113.176.66,137566
103.116.125.1,23947
103.12.14.26,
103.121.34.131,138398
103.123.253.33,
103.125.244.40,141013
103.125.244.42,141013
103.126.52.179,138466
103.126.52.194,138466
103.126.53.163,138466
103.13.80.142,2914
103.130.69.89,138398
103.134.185.181,
103.136.36.97,138800
103.137.13.164,7578
103.137.13.40,7578
103.137.22.129,134823
103.138.72.129,138997
103.138.72.36,138997
103.14.245.253,24482
103.141.25.252,3170
103.142.152.105,152735
103.144.177.25,53356
103.147.22.254,18041
103.147.52.49,139949
103.147.52.89,139949
103.151.64.29,140627
103.151.64.30,140627
103.152.226.254,32167
103.153.176.254,131657
103.156.251.3,141235
103.158.187.30,
103.16.102.81,
103.16.190.1,
103.161.244.130,141682
103.161.244.33,141682
103.161.244.66,141682
103.161.244.82,141682
103.162.19.253,141640
103.167.250.1,38254
103.167.46.1,45679
103.167.46.194,45679
103.167.46.65,45679
103.17.154.65,401332
103.170.154.1,142594
103.170.232.11,142616
103.170.232.2,142616
103.170.24.177,142360
103.170.25.9,142360
103.174.12.225,147178
103.179.107.1,149251
103.183.1.133,17995
103.186.92.81,149697
103.190.138.129,150000
103.196.51.243,132337
103.197.232.115,64098
103.197.232.126,64098
103.197.232.191,64098
103.197.56.43,45352
103.198.140.176,64049
103.198.140.77,64049
103.2.186.221,45345
103.202.216.73,59105
103.203.243.10,955
103.208.140.148,135069
103.208.140.149,135069
103.215.229.1,140443
103.216.222.21,136557
103.225.13.2,9829
103.225.148.17,45701
103.225.148.34,45701
103.230.56.35,140344
103.231.152.156,
103.232.152.145,4007
103.232.18.41,3257
103.242.68.65,133075
103.242.73.134,41095
103.242.74.186,41095
103.243.102.184,64073
103.243.102.26,64073
103.243.102.64,64073
103.246.249.174,6204
103.246.249.3,6204
103.253.132.1,59238
103.26.202.113,55850
103.3.172.100,45352
103.31.156.135,38496
103.40.209.2,63834
103.41.247.54,133802
103.41.247.65,133802
103.43.212.204,137074
103.43.212.72,137074
103.43.212.74,137074
103.43.212.84,137074
103.43.212.86,137074
103.43.212.92,137074
103.44.232.71,63927
103.48.31.137,59105
103.48.31.62,59105
103.48.31.74,59105
103.48.31.84,59105
103.48.31.87,59105
103.5.15.4,16276
103.51.91.5,
103.57.234.1,7131
103.60.60.221,18106
103.69.212.3,132337
103.77.105.28,133800
103.80.80.14,64300
103.80.80.160,64300
103.80.80.18,64300
103.80.80.225,64300
103.84.153.113,36236
103.85.36.40,134090
103.85.36.94,134090
103.87.124.133,45489
103.87.124.194,45489
103.87.124.198,45489
103.87.125.29,45489
103.87.125.81,45489
103.87.186.178,136106
103.87.186.3,136106
103.96.64.254,63771
103.96.67.25,63771
103.96.67.58,63771
104.153.86.130,49544
104.156.243.129,20473
104.167.214.1,60841
104.167.243.65,62467
104.193.132.100,394256
104.225.102.121,36236
104.225.114.84,36236
104.225.120.50,
104.225.2.188,36236
104.225.3.73,36236
104.225.97.189,36236
104.234.21.2,396163
104.234.31.2,396163
104.251.123.43,14315
105.16.19.2,37100
105.16.28.1,37100
105.16.29.1,37100
105.16.29.2,37100
105.16.31.2,37100
105.16.35.8,37100
105.16.8.206,37100
105.177.13.7,16637
105.21.33.145,37100
105.22.33.121,37100
105.22.34.173,37100
105.22.72.213,37100
105.233.31.195,36874
105.25.146.5,37100
105.25.162.254,37100
105.25.162.70,37100
107.151.62.1,19504
107.155.16.220,21859
107.161.24.1,3842
107.162.216.1,55002
107.162.217.1,55002
107.162.218.1,55002
107.162.219.1,55002
107.162.220.1,55002
107.162.223.1,55002
108.61.225.1,20473
109.105.102.168,2603
109.105.97.73,2603
109.105.97.77,2603
109.108.42.237,12389
109.108.43.133,12389
109.168.125.194,5602
109.171.136.2,50999
109.200.218.101,49544
109.200.218.15,49544
109.200.218.156,49544
109.200.218.17,49544
109.200.218.18,49544
109.200.218.188,49544
109.200.218.21,49544
109.200.218.23,49544
109.200.218.73,49544
109.200.218.86,49544
109.200.218.9,49544
109.200.219.34,49544
109.200.219.78,49544
109.230.214.1,199610
109.233.104.96,48408
109.239.129.90,31500
109.68.160.14,39923
109.68.162.236,39923
111.90.128.230,45839
111.92.160.232,
113.59.232.162,45296
113.59.232.231,45296
114.142.196.12,9246
114.142.196.155,9246
114.142.196.164,9246
114.31.192.112,4826
114.31.192.114,4826
114.31.192.70,4826
114.31.194.58,4826
114.31.194.62,4826
114.31.196.42,4826
114.31.201.90,4826
114.31.206.112,4826
114.31.206.51,4826
114.31.206.75,4826
114.31.207.6,4826
115.114.12.185,4755
115.31.164.214,45796
115.31.164.53,45796
115.84.180.45,38731
116.0.68.143,6453
116.119.61.204,9498
116.119.61.206,9498
116.119.61.234,9498
116.203.161.214,24940
116.206.155.225,45117
116.251.184.176,55850
116.251.184.43,55850
116.251.187.224,55850
116.251.187.81,55850
116.51.27.1,2914
116.66.193.13,4007
116.66.204.101,38496
116.89.245.18,141013
116.89.245.42,141013
117.216.207.109,9829
117.216.207.122,9829
117.250.113.138,9829
118.107.220.3,55720
118.143.210.177,9304
119.17.170.242,9268
119.252.112.166,139759
119.252.112.65,139759
12.50.241.121,7018
121.100.6.152,38158
121.100.7.1,38158
121.241.90.57,4755
122.187.37.13,9498
122.54.15.241,9299
122.56.127.2,
123.103.192.109,4826
123.176.1.2,7642
123.231.32.97,18001
124.157.114.133,24324
124.157.114.134,24324
124.157.73.185,24324
124.217.224.1,45839
124.254.64.129,4826
124.254.67.85,4826
124.6.50.76,24482
125.17.58.157,9498
125.17.7.41,9498
125.18.173.101,9498
125.212.255.221,7552
125.214.162.139,18001
125.214.191.38,18001
125.214.191.39,18001
125.63.12.157,38195
128.0.113.129,199610
128.0.115.65,199610
128.100.103.1,239
128.177.76.41,6461
128.241.10.116,2914
128.241.14.73,2914
128.241.15.41,2914
128.241.4.129,2914
128.3.53.106,16
129.13.70.150,34878
129.13.73.49,34878
129.143.23.25,553
129.143.57.192,553
129.143.57.210,553
129.143.57.65,553
129.143.58.152,553
129.143.60.113,553
129.143.60.115,553
129.143.60.124,553
129.143.66.64,553
129.205.30.45,37063
129.250.199.213,2914
129.250.2.10,2914
129.250.2.110,2914
129.250.2.115,2914
129.250.2.12,2914
129.250.2.122,2914
129.250.2.133,2914
129.250.2.141,2914
129.250.2.176,2914
129.250.2.200,2914
129.250.2.26,2914
129.250.2.34,2914
129.250.2.52,2914
129.250.2.72,2914
129.250.203.221,2914
129.250.203.81,2914
129.250.3.13,2914
129.250.3.31,2914
129.250.3.46,2914
129.250.4.142,2914
129.250.4.165,2914
129.250.5.1,2914
129.250.5.150,2914
129.250.5.190,2914
129.250.5.6,2914
129.250.5.73,2914
129.250.5.86,2914
129.250.6.146,2914
129.250.6.176,2914
129.250.6.36,2914
129.250.6.70,2914
129.250.7.28,2914
129.250.7.34,2914
129.250.7.39,2914
129.250.7.65,2914
130.104.228.253,2611
130.117.0.189,174
130.117.0.94,174
130.117.1.161,174
130.117.3.53,174
130.117.49.145,174
130.117.50.81,174
130.117.51.42,174
130.117.51.57,174
130.193.166.21,21277
130.206.214.97,766
130.206.216.1,766
130.206.245.50,766
130.59.36.102,559
130.59.36.177,559
130.59.36.71,559
130.59.36.96,559
130.59.80.1,559
131.100.0.157,42473
131.100.140.161,26617
131.108.236.160,64126
131.108.236.64,64126
131.108.236.68,64126
131.108.236.9,64126
131.188.10.26,680
131.188.20.252,680
131.196.246.23,265561
131.243.245.154,16
131.243.245.178,16
131.243.245.24,16
131.72.76.117,264811
131.72.76.129,264811
132.147.112.87,18106
132.255.211.224,264635
133.208.191.42,2518
133.208.55.17,2518
133.208.55.65,2518
133.69.15.1,2523
134.0.221.2,8529
134.208.12.254,1659
135.84.178.226,54527
136.0.251.1,397032
136.175.9.105,14315
137.164.11.88,2152
137.164.11.94,2152
137.164.13.10,2152
137.164.23.36,2152
137.164.46.6,2152
137.164.50.242,2152
137.193.69.251,680
137.193.9.174,680
137.59.127.33,133800
137.83.80.40,20055
137.83.80.65,20055
138.0.41.50,52320
138.0.42.118,52320
138.117.32.9,264479
138.124.150.2,24840
138.187.129.12,3303
138.187.129.56,3303
138.197.250.180,
138.197.251.44,
138.204.7.241,263777
138.217.126.73,1221
138.217.126.74,1221
138.255.248.1,264605
138.68.34.247,14061
139.162.0.101,63949
139.162.129.102,63949
139.19.0.25,680
139.19.0.28,680
139.19.0.29,680
139.19.117.66,680
139.45.18.119,39642
139.45.20.87,39642
139.45.229.26,57304
139.45.230.150,57304
139.45.231.30,57304
139.45.232.1,57304
139.45.232.3,57304
139.45.244.222,57304
139.45.29.174,39642
139.45.31.216,39642
139.45.31.217,39642
139.99.216.1,16276
139.99.72.1,16276
14.1.54.101,45177
14.140.58.161,4755
140.235.115.1,64289
140.235.115.150,64289
140.235.115.254,64289
140.235.236.1,400848
140.235.4.105,47536
140.235.4.64,47536
140.235.4.70,47536
140.235.72.83,60841
141.105.133.1,42905
141.136.109.214,3257
141.136.109.222,3257
141.170.22.5,33920
141.170.30.93,33920
141.170.30.95,33920
141.193.21.97,46997
141.28.230.230,553
141.28.230.242,553
141.44.3.250,680
141.52.8.28,34878
141.52.8.30,34878
141.98.136.34,56381
141.98.136.65,56381
141.98.254.23,39351
143.129.67.252,2611
143.129.80.130,2611
143.205.170.4,1111
143.208.160.3,53046
143.215.194.205,2637
143.244.192.118,
143.244.192.172,
143.244.192.176,
143.244.192.26,
143.244.192.8,
143.244.192.80,
143.244.193.58,
143.244.193.70,
143.244.224.115,
143.244.224.118,
143.244.224.211,
143.244.224.234,
143.244.224.249,
143.244.224.252,
143.244.224.39,
143.244.224.81,
143.244.224.82,
143.244.225.139,
143.244.225.212,
143.244.225.47,
143.244.226.252,
143.244.227.106,
143.244.227.4,
143.244.227.98,
143.255.248.141,61468
144.121.35.236,46887
144.172.124.225,397031
144.208.208.134,47147
144.208.208.142,47147
144.208.208.17,47147
144.208.208.186,47147
144.208.211.106,47147
144.208.211.58,47147
144.208.229.33,42473
145.145.128.7,1103
145.145.176.105,1103
145.145.178.1,1103
145.145.22.116,1103
145.220.0.1,1101
145.239.12.1,16276
145.249.228.157,21299
145.254.2.207,3209
146.185.214.1,202422
146.185.219.3,202422
146.185.78.161,8758
146.19.235.204,
146.228.2.101,1836
146.228.2.142,1836
146.228.2.94,1836
146.228.2.97,1836
146.228.52.153,1836
146.247.170.200,12552
146.247.200.151,12552
146.247.200.157,12552
146.255.63.193,47692
146.255.64.29,34547
146.97.129.149,786
146.97.33.1,786
146.97.35.121,786
146.97.35.198,786
147.135.76.1,16276
147.251.240.1,2852
147.251.242.130,2852
147.251.58.1,2852
147.84.200.11,39069
148.163.219.18,36236
148.163.223.1,36236
148.222.224.4,64152
148.225.112.250,4493
149.11.120.65,174
149.11.126.97,174
149.14.10.1,174
149.14.135.249,174
149.14.152.113,174
149.3.164.114,
149.3.164.118,
149.38.12.116,174
149.38.4.50,174
149.56.53.126,16276
149.6.128.25,174
149.6.175.226,174
149.6.44.17,174
149.6.66.185,174
149.62.152.161,57119
149.62.152.222,57119
149.62.153.185,57119
150.164.1.129,271354
150.164.1.193,271354
150.164.164.1,271354
150.99.18.37,2907
150.99.191.185,2907
151.232.60.33,58224
151.248.105.56,8529
153.92.43.200,201126
153.92.43.237,201126
153.92.43.246,201126
153.92.43.254,201126
154.11.6.220,852
154.14.158.9,3257
154.24.26.133,174
154.24.30.173,174
154.24.5.197,174
154.24.54.173,174
154.25.0.69,174
154.25.10.93,174
154.25.14.189,174
154.25.15.69,174
154.25.17.166,174
154.25.8.201,174
154.54.160.13,174
154.54.161.162,174
154.54.162.45,174
154.54.163.205,174
154.54.164.25,174
154.54.165.29,174
154.54.166.69,174
154.54.166.74,174
154.54.168.86,174
154.54.168.94,174
154.54.169.198,174
154.54.169.225,174
154.54.170.133,174
154.54.170.225,174
154.54.170.94,174
154.54.171.209,174
154.54.171.86,174
154.54.172.169,174
154.54.3.29,174
154.54.31.157,174
154.54.31.234,174
154.54.31.77,174
154.54.31.94,174
154.54.37.141,174
154.54.38.114,174
154.54.39.129,174
154.54.39.145,174
154.54.39.66,174
154.54.40.137,174
154.54.42.90,174
154.54.43.13,174
154.54.44.165,174
154.54.45.161,174
154.54.45.45,174
154.54.46.101,174
154.54.47.85,174
154.54.5.153,174
154.54.5.174,174
154.54.58.70,174
154.54.59.154,174
154.54.6.25,174
154.54.60.129,174
154.54.61.118,174
154.54.61.133,174
154.54.62.218,174
154.54.63.138,174
154.54.63.141,174
154.54.63.145,174
154.54.63.149,174
154.54.63.62,174
154.54.7.130,174
154.54.7.21,174
154.54.72.118,174
154.54.72.161,174
154.54.72.42,174
154.54.74.165,174
154.54.75.101,174
154.54.75.137,174
154.54.75.97,174
154.54.78.129,174
154.54.82.1,174
154.54.82.245,174
154.54.85.125,174
154.54.89.2,174
154.54.90.249,174
154.54.94.46,174
154.54.94.74,174
154.54.95.110,174
154.54.95.185,174
154.54.95.242,174
154.66.247.106,37662
154.66.247.139,37662
154.66.247.99,37662
154.82.159.46,150000
154.82.159.81,150000
155.232.1.121,2018
155.232.1.208,2018
155.232.195.254,2018
155.232.216.7,2018
155.254.3.225,4508
156.0.200.34,23961
156.0.219.1,328210
156.146.32.92,
156.154.122.253,16552
156.154.123.253,16552
156.154.135.253,16552
156.154.180.253,16552
156.154.182.253,16552
156.154.183.253,16552
156.154.184.253,16552
156.154.35.253,16552
156.154.36.253,16552
156.154.37.253,16552
156.154.38.253,16552
156.154.40.253,16552
156.154.53.253,16552
156.154.76.253,16552
156.154.77.253,16552
156.154.78.253,16552
156.154.79.253,16552
156.154.80.253,16552
156.255.140.41,61461
157.10.21.0,
157.20.113.1,152590
157.20.147.16,152605
157.238.225.194,2914
157.238.227.120,2914
157.238.231.156,2914
157.25.255.239,12912
158.64.14.121,2602
158.64.16.72,2602
160.20.123.1,152533
160.202.164.212,137409
160.202.164.214,137409
160.22.48.2,
160.22.48.39,
160.22.48.4,
160.22.48.43,
160.22.48.48,
160.30.224.18,153112
160.30.224.2,153112
160.30.98.1,9923
160.30.99.1,215470
160.72.248.137,46887
160.99.1.12,13303
161.53.251.17,2108
162.243.189.148,14061
162.243.190.6,14061
162.245.206.226,49544
162.251.161.1,53767
162.255.145.4,40809
162.255.146.16,40809
163.47.131.129,64073
163.47.241.172,45267
163.47.241.173,45267
163.61.41.65,153566
165.140.127.1,400245
166.0.67.2,396163
166.0.67.3,396163
167.150.200.33,205966
167.98.32.216,25180
168.194.149.17,264744
168.196.255.92,27976
168.209.160.108,3741
168.209.160.109,3741
168.209.246.1,3741
168.209.246.66,3741
168.227.255.225,263777
168.227.255.237,263777
168.235.89.1,3842
169.255.161.112,37722
170.210.0.17,4270
170.210.0.35,4270
170.238.234.137,37468
170.247.92.1,64112
170.247.92.53,64112
170.247.95.246,64112
170.247.95.57,64112
170.247.95.86,64112
170.254.172.1,265641
170.39.178.129,394177
170.39.225.2,917
170.39.225.4,917
170.39.226.10,917
170.39.226.22,917
170.39.227.11,917
170.39.227.2,917
170.39.230.241,835
170.39.230.242,835
170.39.230.248,835
170.39.230.253,835
170.39.230.254,835
170.39.49.1,60900
170.39.49.49,60900
170.79.213.108,
170.79.213.121,
170.79.213.13,
170.79.213.135,
170.79.213.139,
170.79.213.15,
170.79.213.154,
170.79.213.229,
170.79.213.31,
170.79.213.47,
170.79.214.36,
170.79.214.60,
170.81.100.97,61618
170.81.102.62,61618
171.244.19.254,7552
171.75.8.165,3356
171.75.9.23,3356
171.75.9.31,3356
172.83.206.217,393434
172.93.18.41,1403
172.98.48.130,399728
172.98.49.135,399728
172.98.51.130,399728
173.208.128.131,32097
173.208.226.65,32097
173.208.233.9,32097
173.219.218.146,
173.219.218.78,
173.219.232.220,
173.225.174.8,17018
173.230.159.134,63949
173.246.102.2,29169
173.246.102.33,29169
173.246.102.34,29169
173.246.102.4,29169
173.248.145.17,30475
176.10.178.206,8473
176.10.178.40,8473
176.10.182.38,8473
176.114.16.1,58067
176.119.210.1,56457
176.119.210.254,56457
176.52.248.250,12956
176.74.17.65,41000
176.74.23.220,41000
176.74.23.244,41000
176.74.23.246,41000
177.234.194.192,52468
177.242.222.96,13999
177.85.156.62,52564
178.132.80.137,57344
178.132.82.81,57344
178.16.60.134,15817
178.16.60.81,15817
178.172.80.0,2107
178.172.81.230,2107
178.19.49.1,44735
178.21.23.2,50673
178.22.128.64,50858
178.22.135.103,50858
178.22.135.105,50858
178.22.135.16,50858
178.22.135.21,50858
178.22.135.22,50858
178.22.135.30,50858
178.236.74.65,34244
178.249.188.249,20836
178.250.7.78,44788
178.251.24.2,42093
178.251.29.168,42093
178.251.29.4,42093
178.251.64.49,51184
178.251.92.222,39702
178.255.145.173,50304
178.255.145.201,50304
178.255.155.121,42473
179.0.200.33,272037
179.1.65.77,18678
179.31.59.225,6057
179.31.59.228,6057
179.31.59.229,6057
179.31.59.241,6057
179.31.62.39,6057
179.31.62.94,6057
179.43.96.83,263189
180.149.92.53,
180.149.95.158,45204
180.149.98.145,45204
180.179.197.213,17439
180.179.210.65,17439
180.211.88.21,45725
180.240.192.233,7713
180.240.193.93,7713
180.87.108.80,6453
180.87.151.28,6453
180.87.151.32,6453
180.87.38.29,6453
180.87.38.5,6453
180.87.54.82,6453
180.87.76.78,6453
181.191.191.34,23520
181.193.144.13,11830
181.224.222.1,271927
181.233.48.1,23031
181.78.120.101,52468
181.78.195.33,52468
181.89.51.39,7303
181.96.113.234,7303
181.96.113.244,7303
181.96.22.48,7303
182.161.73.40,55569
182.161.74.240,55569
182.253.100.233,17451
182.253.187.118,17451
184.104.188.101,6939
184.104.188.148,6939
184.104.188.173,6939
184.104.188.180,6939
184.104.188.205,6939
184.104.189.120,6939
184.104.189.137,6939
184.104.189.19,6939
184.104.191.233,6939
184.104.192.105,6939
184.104.192.114,6939
184.104.192.188,6939
184.104.192.238,6939
184.104.192.69,6939
184.104.192.97,6939
184.104.193.113,6939
184.104.193.126,6939
184.104.193.133,6939
184.104.193.174,6939
184.104.193.250,6939
184.104.194.105,6939
184.104.194.109,6939
184.104.194.198,6939
184.104.194.200,6939
184.104.194.21,6939
184.104.194.249,6939
184.104.195.113,6939
184.104.195.169,6939
184.104.195.214,6939
184.104.195.45,6939
184.104.195.93,6939
184.104.196.117,6939
184.104.196.177,6939
184.104.196.230,6939
184.104.197.237,6939
184.104.198.109,6939
184.104.198.125,6939
184.104.198.145,6939
184.104.198.213,6939
184.104.198.253,6939
184.104.198.33,6939
184.104.198.37,6939
184.104.199.10,6939
184.104.199.105,6939
184.104.199.149,6939
184.104.199.182,6939
184.104.199.201,6939
184.104.199.22,6939
184.104.199.221,6939
184.104.204.129,6939
184.104.205.105,6939
184.104.206.193,6939
184.104.206.253,6939
184.104.206.65,6939
184.104.207.165,6939
184.104.208.73,6939
184.104.210.181,6939
184.104.231.214,6939
184.104.236.33,6939
184.105.213.117,6939
184.105.213.140,6939
184.105.222.1,6939
184.105.222.130,6939
184.105.222.14,6939
184.105.222.189,6939
184.105.222.6,6939
184.105.222.9,6939
184.105.222.97,6939
184.105.223.121,6939
184.105.223.253,6939
184.105.246.201,6939
184.105.250.69,6939
184.105.64.101,6939
184.105.64.169,6939
184.105.65.220,6939
184.105.65.51,6939
184.105.65.73,6939
184.105.80.125,6939
184.105.80.9,6939
184.105.81.211,6939
184.105.81.42,6939
185.0.20.190,
185.0.21.31,
185.0.42.7,
185.1.226.181,
185.1.27.4,
185.1.31.9,
185.1.43.14,
185.1.64.225,
185.1.74.26,
185.1.93.20,
185.10.164.113,60171
185.10.164.129,60171
185.10.164.201,60171
185.10.164.44,60171
185.10.164.76,60171
185.101.95.1,204035
185.102.104.113,
185.102.104.190,
185.102.104.222,
185.102.84.251,58057
185.104.124.5,39120
185.104.160.7,204989
185.107.116.21,43350
185.108.68.169,24577
185.11.76.22,60280
185.11.76.30,60280
185.111.204.124,39923
185.111.204.32,39923
185.113.24.113,20596
185.119.168.4,197422
185.121.168.1,61138
185.122.100.33,203596
185.126.112.1,3236
185.126.7.1,34918
185.131.204.1,6730
185.138.143.33,203329
185.138.41.3,199246
185.138.43.136,199246
185.138.55.233,48821
185.138.55.75,48821
185.138.55.76,48821
185.139.168.1,203296
185.143.169.10,42184
185.143.169.108,42184
185.144.72.1,49088
185.144.72.130,49088
185.144.72.162,49088
185.145.196.197,42263
185.146.230.108,50629
185.146.230.139,50629
185.146.230.177,50629
185.146.230.178,50629
185.146.230.187,50629
185.146.230.21,50629
185.146.230.221,50629
185.146.230.222,50629
185.146.230.236,50629
185.146.230.24,50629
185.146.230.245,50629
185.146.230.250,50629
185.146.230.46,50629
185.146.230.88,50629
185.146.230.90,50629
185.15.231.209,206484
185.15.59.156,14907
185.15.59.73,14907
185.157.208.241,51392
185.157.231.48,41327
185.157.244.224,62000
185.157.244.227,62000
185.161.192.1,50178
185.168.87.14,31673
185.168.87.9,31673
185.17.243.229,61136
185.17.243.255,61136
185.17.70.66,198249
185.171.140.78,31117
185.171.141.50,31117
185.171.141.61,31117
185.171.142.159,31117
185.171.142.161,31117
185.173.128.65,57777
185.173.16.131,48112
185.173.16.165,48112
185.178.172.2,206548
185.18.172.199,
185.18.172.217,
185.18.172.242,
185.18.172.89,
185.18.173.177,
185.18.174.79,
185.181.224.2,206549
185.181.228.1,60602
185.182.244.27,9141
185.182.246.155,9141
185.182.247.162,9141
185.182.247.171,9141
185.184.236.26,45014
185.185.135.20,206446
185.185.244.251,43414
185.188.187.68,
185.188.199.34,205747
185.188.44.254,206291
185.188.47.237,206291
185.193.244.10,62035
185.193.244.25,62035
185.194.168.2,206062
185.195.117.153,61049
185.195.117.82,61049
185.195.236.0,215467
185.196.242.78,39878
185.20.122.136,61010
185.20.123.43,61010
185.201.254.5,56457
185.205.208.173,44901
185.206.148.80,212027
185.206.184.65,42207
185.206.184.98,42207
185.208.15.228,
185.209.172.145,205687
185.209.84.10,57578
185.211.231.145,61399
185.212.169.89,9009
185.214.245.196,
185.221.36.2,48854
185.222.11.3,62416
185.225.207.1,44024
185.229.133.5,204203
185.229.188.201,60068
185.229.189.130,60068
185.229.28.5,39650
185.229.88.1,207143
185.233.100.124,198985
185.233.32.212,211997
185.234.20.180,216107
185.238.241.32,209710
185.239.193.33,39484
185.241.204.77,49556
185.242.229.23,3399
185.244.192.2,197540
185.244.24.4,202585
185.244.24.91,202585
185.249.157.252,34428
185.249.157.255,34428
185.250.10.28,209505
185.250.8.108,42330
185.250.8.126,42330
185.251.115.164,60354
185.28.108.161,12773
185.28.108.250,12773
185.29.100.40,51859
185.29.203.233,61349
185.32.187.162,13238
185.32.187.166,13238
185.32.187.170,13238
185.32.187.207,13238
185.32.188.254,62416
185.33.109.5,24796
185.33.216.2,60316
185.33.217.135,60316
185.34.2.113,36236
185.34.2.12,36236
185.35.140.164,60171
185.35.147.162,200187
185.35.183.33,34347
185.35.183.67,34347
185.35.235.250,59790
185.36.180.1,200129
185.40.232.17,36236
185.40.232.201,36236
185.40.232.38,36236
185.41.106.85,199938
185.43.204.132,62214
185.5.200.255,59715
185.50.211.30,34612
185.50.211.37,34612
185.51.192.254,60781
185.52.225.14,8283
185.54.120.109,5539
185.54.120.157,5539
185.54.120.187,5539
185.54.28.237,60163
185.54.28.250,60163
185.54.80.2,202032
185.54.80.3,202032
185.54.81.1,202032
185.54.92.66,203993
185.54.92.67,203993
185.57.188.1,201971
185.6.36.117,2128
185.6.39.130,42953
185.60.88.227,201898
185.64.168.101,42184
185.64.168.123,42184
185.64.168.84,42184
185.65.243.214,207160
185.70.144.114,200567
185.70.202.113,6762
185.70.41.1,62371
185.70.43.227,62371
185.71.177.178,200675
185.74.25.162,201126
185.74.68.249,29222
185.78.163.109,260
185.78.48.18,201333
185.78.48.241,201333
185.78.49.5,201333
185.8.106.8,204770
185.8.179.33,50673
185.8.179.35,50673
185.80.233.174,24875
185.83.119.1,201172
185.85.164.129,24971
185.86.232.131,56357
185.86.232.68,56357
185.86.67.65,41494
185.93.159.22,1850
185.93.174.65,47536
185.96.186.41,
185.97.160.3,199188
185.97.162.17,199188
185.98.130.225,16347
186.163.16.41,21575
186.167.85.41,27717
186.176.224.25,262197
186.4.1.205,262197
187.251.0.43,32098
187.251.2.148,32098
187.251.2.170,32098
187.251.2.173,32098
187.251.2.180,32098
187.251.2.226,32098
187.251.2.246,32098
187.251.2.249,32098
187.251.3.117,32098
188.1.145.129,680
188.1.145.146,680
188.1.145.197,680
188.1.231.253,680
188.1.234.229,680
188.1.239.85,680
188.1.241.185,680
188.1.247.105,680
188.124.38.129,49505
188.143.128.1,44050
188.170.184.170,31163
188.172.217.85,42473
188.241.28.36,206186
188.246.240.1,197556
188.246.241.1,197556
188.43.2.66,20485
188.43.24.129,20485
188.43.24.130,20485
188.68.188.97,201800
188.93.174.25,210834
188.94.103.239,9022
188.94.96.181,9022
189.246.202.41,
189.247.172.42,8151
190.11.72.1,27839
190.124.192.129,28109
190.124.210.6,28109
190.129.248.1,6568
190.129.249.29,6568
190.129.252.16,6568
190.129.252.2,6568
190.210.110.214,16814
190.227.195.129,7303
190.227.196.45,7303
190.242.178.34,23520
190.242.178.60,23520
190.57.64.253,
190.57.65.1,12127
190.64.201.1,6057
190.64.221.142,6057
190.97.224.5,263703
190.97.232.49,263703
192.1.104.73,
192.108.116.201,50897
192.109.82.93,29670
192.12.54.190,1101
192.134.1.30,2486
192.136.74.1,6667
192.158.252.3,1280
192.192.61.162,1659
192.192.61.66,1659
192.192.68.30,1659
192.205.32.194,7018
192.240.191.164,36444
192.240.191.186,36444
192.248.121.254,38229
192.248.126.254,38229
192.30.89.82,394256
192.33.139.40,53698
192.33.139.81,53698
192.35.202.241,53610
192.36.132.254,1257
192.38.7.38,1835
192.42.42.113,559
192.42.42.165,559
192.42.42.33,559
192.42.97.209,8473
192.42.97.213,8473
192.44.83.5,680
192.5.203.209,63056
192.5.208.186,10961
192.5.208.190,10961
192.5.208.196,10961
192.65.185.143,513
192.73.253.1,36236
192.82.55.144,137074
192.82.55.64,137074
192.99.146.126,16276
192.99.146.132,16276
193.0.3.5,3333
193.104.214.11,50989
193.104.214.12,50989
193.104.214.6,50989
193.105.163.132,13004
193.105.163.133,13004
193.111.213.209,50030
193.111.37.105,24724
193.111.38.45,24724
193.124.76.197,59790
193.135.150.231,2613
193.135.150.62,2613
193.138.218.49,39351
193.141.27.221,202040
193.145.15.49,766
193.148.250.1,34927
193.148.251.238,34927
193.150.67.193,198127
193.163.102.194,39839
193.163.86.251,58057
193.164.153.172,34019
193.164.153.207,34019
193.167.244.180,1741
193.167.67.26,1741
193.169.52.1,49404
193.17.192.162,34019
193.17.90.12,210752
193.17.90.33,210752
193.170.114.241,1853
193.171.255.1,1120
193.178.0.60,49434
193.178.0.92,49434
193.180.242.85,199150
193.180.242.92,199150
193.188.137.153,
193.188.137.37,
193.19.208.1,48813
193.19.208.5,48813
193.191.18.9,2611
193.191.3.85,2611
193.197.63.6,553
193.200.43.84,34019
193.201.157.136,
193.201.40.209,24796
193.203.0.121,7713
193.203.0.160,7713
193.203.0.182,7713
193.203.0.2,7713
193.229.29.196,719
193.232.226.57,8985
193.242.223.3,214895
193.247.171.237,3303
193.27.55.151,15451
193.27.55.17,15451
193.27.55.212,15451
193.28.236.245,30950
193.28.236.246,30950
193.28.236.36,30950
193.3.165.33,202359
193.3.231.157,59441
193.30.242.169,62206
193.30.34.50,54014
193.33.94.251,58057
193.37.144.29,
193.4.59.195,1850
193.4.59.200,1850
193.41.248.207,
193.41.248.53,
193.41.57.31,34428
193.41.88.46,13032
193.46.104.1,30971
193.49.43.99,2200
193.50.97.161,2200
193.51.177.174,2200
193.51.180.172,2200
193.51.181.94,2200
193.51.188.10,2200
193.54.185.9,2200
193.55.204.14,2200
193.57.144.254,207841
193.57.167.1,44355
193.65.45.85,719
194.116.150.2,44949
194.116.76.253,41364
194.122.76.245,3257
194.145.125.1,39063
194.145.140.2,6750
194.146.214.123,25164
194.156.155.5,48386
194.179.134.12,57630
194.186.168.65,3216
194.187.172.101,35574
194.187.174.4,35574
194.187.89.72,39040
194.187.91.16,39040
194.228.158.73,5610
194.228.21.250,5610
194.230.35.116,6730
194.242.34.201,20612
194.244.175.1,3302
194.246.109.8,35008
194.31.131.43,200232
194.31.131.65,200232
194.31.131.80,200232
194.36.75.1,51333
194.39.187.217,199938
194.39.187.222,199938
194.39.187.229,199938
194.39.187.241,199938
194.5.240.1,200297
194.50.88.133,39617
194.50.88.38,39617
194.50.92.251,58057
194.50.99.251,34800
194.53.172.71,
194.56.191.1,207143
194.67.59.12,3216
194.68.123.157,
194.68.41.1,210422
194.8.133.1,216333
194.81.236.228,786
195.110.184.1,209049
195.128.254.12,3399
195.128.254.30,3399
195.128.255.127,3399
195.128.255.51,3399
195.130.45.13,8670
195.130.45.43,8670
195.130.66.102,199399
195.141.216.208,6730
195.154.2.104,12876
195.158.60.3,8319
195.16.80.2,35065
195.16.80.22,35065
195.16.81.2,35065
195.169.128.2,1103
195.178.64.212,2852
195.178.87.12,2852
195.187.255.178,8308
195.187.36.11,8308
195.189.60.2,41009
195.190.26.2,21013
195.191.197.147,59645
195.191.197.239,59645
195.191.197.77,59645
195.191.219.34,3170
195.191.219.50,3170
195.191.235.226,208566
195.191.35.17,42295
195.2.23.129,1273
195.2.3.37,1273
195.2.30.130,1273
195.200.235.2,48732
195.200.68.144,14907
195.200.68.65,14907
195.209.139.1,29114
195.219.175.83,6453
195.219.187.7,6453
195.219.69.104,6453
195.219.69.110,6453
195.219.87.198,6453
195.219.87.2,6453
195.22.192.169,6762
195.22.205.24,6762
195.22.211.209,6762
195.22.211.61,6762
195.22.214.85,6762
195.22.220.56,6762
195.22.222.12,6762
195.222.34.1,9146
195.229.29.81,8966
195.229.3.43,8966
195.239.132.141,3216
195.245.142.186,9186
195.245.143.1,9186
195.246.236.61,39637
195.250.60.124,198228
195.253.76.133,8391
195.253.76.134,8391
195.30.70.37,5539
195.32.69.201,21034
195.43.159.17,207788
195.43.87.139,51349
195.5.171.253,398485
195.60.190.28,39120
195.66.224.184,
195.66.224.193,
195.66.225.116,
195.66.228.2,
195.66.241.219,5459
195.66.243.23,5459
195.72.90.170,3257
195.80.113.161,8240
195.80.127.212,8240
195.80.157.37,29152
196.14.240.4,3741
196.216.220.141,329109
196.250.236.238,37662
196.40.108.2,37153
196.40.111.145,37153
196.46.34.109,36868
196.46.40.57,36868
196.49.14.1,30997
196.49.15.253,328998
196.49.32.249,36940
196.49.5.97,327844
196.49.84.177,328913
196.49.84.34,328913
196.49.9.51,327821
196.6.220.1,37578
196.60.8.152,
197.155.0.133,37199
197.155.0.245,37199
197.155.1.101,37199
197.155.3.1,37199
197.155.90.197,30844
197.155.90.200,30844
197.157.67.128,37271
197.157.79.49,37271
197.189.193.2,37153
197.189.194.145,37153
197.221.70.89,
198.135.169.25,396993
198.179.18.5,
198.27.73.205,16276
198.27.73.218,16276
198.32.160.182,
198.46.92.101,22611
198.46.92.57,22611
198.47.108.121,3257
198.89.188.10,4508
198.89.188.8,4508
199.116.81.225,53610
199.119.64.136,969
199.119.64.158,969
199.119.64.222,969
199.119.64.234,969
199.119.64.95,969
199.119.65.14,917
199.119.65.3,917
199.167.20.18,54527
199.192.70.16,32281
199.47.145.1,396993
199.47.240.251,47272
199.47.240.253,47272
199.59.208.40,40217
2.120.13.32,5607
2.120.13.36,5607
2.58.52.129,200462
200.1.123.253,27678
200.107.82.194,263779
200.114.94.254,28120
200.131.0.134,1916
200.132.1.2,2716
200.143.252.25,1916
200.143.252.74,1916
200.143.253.161,1916
200.15.9.94,2914
200.16.114.22,
200.16.69.122,52320
200.16.69.2,52320
200.16.69.44,52320
200.16.69.60,52320
200.16.69.73,52320
200.160.0.161,22548
200.160.0.253,22548
200.160.6.61,22548
200.19.158.2,1916
200.238.138.9,10881
200.24.221.21,19114
200.25.27.2,7195
200.25.30.132,7195
200.25.45.66,7195
200.25.51.121,7195
200.25.51.148,7195
200.25.51.166,7195
200.25.51.204,7195
200.25.51.211,7195
200.25.51.219,7195
200.25.51.242,7195
200.25.51.251,7195
200.25.51.37,7195
200.25.51.54,7195
200.25.51.8,7195
200.25.51.85,7195
200.25.58.212,7195
200.25.58.214,7195
200.25.75.24,7195
200.25.85.226,7195
200.25.88.145,7195
200.25.91.166,7195
200.3.168.106,11815
200.3.168.73,11815
200.32.84.197,3549
200.35.190.249,26617
200.40.177.48,6057
200.40.177.49,6057
200.40.65.10,6057
200.40.98.28,6057
200.5.63.66,263762
200.50.248.33,61510
200.51.217.105,10834
200.57.151.254,19373
200.58.244.1,265721
200.58.72.2,27839
200.63.125.241,27976
200.68.121.94,16814
200.7.84.1,28000
200.7.84.34,28000
200.71.192.129,20015
200.82.230.153,21826
200.82.230.155,21826
200.82.230.175,21826
200.87.183.0,6568
200.87.253.26,6568
200.9.157.193,52376
200.9.157.235,52376
200.94.182.189,22894
201.10.242.215,
201.174.154.25,32098
201.174.172.1,32098
201.174.244.158,32098
201.174.251.24,32098
201.174.254.191,32098
201.175.40.233,22908
201.182.140.238,52376
201.219.153.33,20015
201.237.109.177,11830
202.1.205.241,7642
202.124.238.241,17893
202.124.238.34,17893
202.151.92.17,9246
202.166.193.33,17501
202.167.230.25,15830
202.169.59.21,17451
202.170.41.133,9241
202.172.100.31,18390
202.172.100.38,18390
202.172.100.54,18390
202.2.120.249,23917
202.2.120.34,23917
202.214.97.2,2497
202.226.3.30,63774
202.232.1.122,2497
202.232.1.134,2497
202.40.149.177,4637
202.46.184.1,38064
202.5.31.217,201106
202.50.236.5,
202.58.202.194,
202.61.114.193,132255
202.68.65.32,2914
202.68.65.33,2914
202.68.67.8,2914
202.70.158.168,9557
202.79.41.105,17501
202.79.41.136,17501
202.79.41.139,17501
202.84.138.82,4637
202.84.141.225,4637
202.84.141.25,4637
202.84.222.134,4637
202.84.227.89,4637
202.84.247.17,4637
202.84.253.86,4637
202.87.128.197,18200
202.87.128.198,18200
202.87.175.241,18390
202.88.72.118,7131
203.113.186.209,7552
203.119.104.17,4608
203.119.104.87,4608
203.119.111.130,4608
203.119.15.253,16552
203.121.81.73,9930
203.123.48.6,37989
203.131.249.249,2914
203.174.85.105,38001
203.178.136.116,2500
203.208.148.81,7473
203.208.166.206,7473
203.208.183.89,7473
203.41.0.249,1221
203.41.0.41,1221
203.41.0.49,1221
203.48.8.169,1221
203.48.8.170,1221
203.48.8.53,1221
203.48.8.54,1221
203.50.11.172,1221
203.50.11.194,1221
203.50.13.130,1221
203.50.13.86,1221
203.50.13.94,1221
203.50.6.106,1221
203.50.6.116,1221
203.50.6.124,1221
203.50.6.174,1221
203.50.6.238,1221
203.75.229.101,3462
203.75.229.102,3462
203.96.120.93,
204.11.64.66,20055
204.11.65.1,20055
204.11.66.210,20055
204.11.67.165,20055
204.148.11.5,701
204.157.96.25,272951
204.209.51.52,10242
204.27.68.146,214213
204.27.68.162,214213
204.27.68.163,214213
204.27.68.234,214213
204.8.154.49,10961
204.8.234.2,395412
204.87.183.1,7247
204.9.92.178,16409
204.9.92.187,16409
204.93.204.92,23352
204.93.251.124,23352
204.93.251.63,23352
205.129.20.1,3356
205.173.253.1,40470
205.196.181.157,394437
205.201.63.20,395823
205.201.63.65,395823
205.236.99.241,400442
206.108.17.62,852
206.126.236.37,
206.144.240.5,5006
206.144.243.5,5006
206.148.22.117,7578
206.148.22.141,7578
206.148.24.138,7578
206.148.24.140,7578
206.148.24.179,7578
206.148.24.180,7578
206.148.24.195,7578
206.148.24.196,7578
206.148.24.27,7578
206.148.24.3,7578
206.148.25.138,7578
206.148.25.43,7578
206.148.25.78,7578
206.148.26.155,7578
206.148.26.4,7578
206.148.26.51,7578
206.148.26.68,7578
206.148.26.81,7578
206.148.27.189,7578
206.148.27.24,7578
206.148.27.38,7578
206.162.189.130,852
206.196.178.149,10886
206.237.97.1,140443
206.81.80.150,
206.9.1.105,5006
206.9.2.214,5006
206.9.2.218,5006
207.153.0.5,10242
207.153.0.70,10242
207.162.204.233,3257
207.226.224.235,3491
207.245.202.224,6461
207.32.217.119,14315
208.110.83.129,32097
208.116.218.89,3257
208.116.218.97,3257
208.184.12.189,6461
208.40.192.201,17054
208.40.199.232,17054
208.71.115.9,33554
208.73.136.1,32425
208.73.136.239,32425
208.73.138.1,32425
208.80.152.246,14907
208.80.154.194,14907
208.80.155.66,14907
208.86.250.252,36444
208.87.241.102,40676
208.90.108.82,40581
208.90.111.1,40581
208.90.111.90,40581
209.10.65.42,53907
209.10.80.168,53907
209.120.135.41,3257
209.120.155.129,3257
209.160.143.53,46887
209.189.200.129,7752
209.189.223.13,7752
209.209.88.2,399580
209.222.31.33,20473
209.249.65.145,6461
209.46.5.209,
209.46.5.218,
209.46.5.221,
209.51.164.41,6939
209.51.164.42,6939
209.51.171.153,6939
209.58.61.34,6453
209.58.86.142,6453
210.138.93.109,2497
210.138.93.41,2497
210.213.134.150,9299
210.213.134.54,9299
210.57.122.96,4637
210.57.53.43,4637
210.57.53.99,4637
210.86.232.94,24173
210.86.233.10,24176
210.86.233.37,24176
212.10.11.210,39642
212.100.172.18,215262
212.100.172.24,215262
212.100.172.65,215262
212.101.201.125,12437
212.103.84.17,15576
212.107.37.94,1257
212.111.192.229,12687
212.116.34.132,13170
212.116.34.138,13170
212.119.5.6,209915
212.121.171.17,5436
212.121.175.169,5436
212.121.175.171,5436
212.121.181.121,5436
212.133.7.162,3356
212.138.250.7,8895
212.154.210.203,50482
212.156.102.136,9121
212.156.102.141,9121
212.156.102.186,9121
212.156.108.1,9121
212.156.117.96,9121
212.162.45.77,3356
212.18.3.181,8767
212.18.7.249,8767
212.191.237.73,196844
212.202.68.0,20676
212.202.68.2,20676
212.218.155.112,8319
212.218.155.99,8319
212.224.104.0,44066
212.227.112.104,8560
212.227.117.112,8560
212.227.117.113,8560
212.227.117.24,8560
212.227.158.128,8560
212.233.255.165,29582
212.233.255.237,29582
212.243.96.73,3303
212.247.125.21,1257
212.25.28.100,8758
212.3.202.10,24921
212.3.202.2,24921
212.3.202.245,24921
212.39.69.32,8866
212.43.193.144,8426
212.43.193.58,8426
212.45.137.158,8816
212.45.137.190,8816
212.45.159.246,8816
212.45.33.11,12414
212.45.33.14,12414
212.45.44.146,12414
212.45.44.157,12414
212.45.44.173,12414
212.47.157.16,34170
212.47.224.7,12876
212.51.187.98,16347
212.53.200.129,8893
212.53.201.175,8893
212.56.160.4,31510
212.57.48.222,41960
212.60.63.142,15600
212.62.68.252,8879
212.62.85.11,8879
212.66.66.78,56665
212.7.0.254,8728
212.7.30.40,8728
212.72.236.65,200995
212.72.46.30,3356
212.72.47.149,3356
212.85.148.178,29075
212.85.148.186,29075
212.85.148.214,29075
212.85.148.72,29075
212.88.110.33,20294
212.9.170.189,12374
212.92.102.139,45352
212.93.96.51,12847
212.98.161.17,12406
213.108.25.2,197564
213.128.135.20,12731
213.128.159.13,12731
213.133.112.41,24940
213.135.251.127,6661
213.135.251.135,6661
213.135.44.129,20555
213.135.49.129,20555
213.136.15.241,12859
213.140.35.114,12956
213.140.36.112,12956
213.140.36.114,12956
213.140.36.172,12956
213.140.36.86,12956
213.140.36.91,12956
213.140.37.116,12956
213.140.39.118,12956
213.140.39.119,12956
213.140.49.101,12956
213.140.49.236,12956
213.140.49.238,12956
213.140.49.252,12956
213.140.49.253,12956
213.143.120.113,29287
213.144.167.40,6762
213.144.184.40,6762
213.144.184.58,6762
213.144.184.60,6762
213.144.184.62,6762
213.145.209.195,13170
213.152.16.77,8218
213.155.129.117,1299
213.157.13.158,12897
213.157.192.1,16010
213.157.192.9,16010
213.157.194.1,16010
213.158.113.28,13101
213.163.75.130,49544
213.167.114.219,29695
213.167.117.30,29695
213.167.117.38,29695
213.167.117.50,29695
213.167.117.56,29695
213.167.117.62,29695
213.170.135.76,212027
213.173.161.251,206484
213.178.75.134,13101
213.178.80.33,13101
213.178.80.65,13101
213.181.114.134,44735
213.182.1.235,12931
213.182.2.172,12931
213.186.32.202,16276
213.19.207.9,3356
213.192.184.76,6667
213.192.185.70,6667
213.192.191.169,6667
213.197.128.133,15440
213.197.128.21,15440
213.200.68.81,3257
213.202.2.0,8529
213.202.6.194,8529
213.206.174.170,21473
213.207.7.51,
213.208.150.193,1764
213.208.153.134,1764
213.221.244.4,15600
213.222.217.2,28785
213.225.160.252,8839
213.227.178.33,42473
213.239.203.105,24940
213.239.203.161,24940
213.239.203.197,24940
213.239.228.1,24940
213.239.228.21,24940
213.239.237.209,24940
213.239.237.213,24940
213.239.252.81,24940
213.239.254.58,24940
213.242.126.197,3356
213.246.32.133,21409
213.246.32.155,21409
213.246.32.172,21409
213.248.100.105,1299
213.248.100.132,1299
213.248.100.208,1299
213.248.101.113,1299
213.248.101.92,1299
213.248.103.20,1299
213.248.67.162,1299
213.248.68.101,1299
213.248.68.42,1299
213.248.72.154,1299
213.248.74.144,1299
213.248.74.220,1299
213.248.74.51,1299
213.248.75.176,1299
213.248.77.48,1299
213.248.79.10,1299
213.248.81.54,1299
213.248.82.152,1299
213.248.84.144,1299
213.248.85.36,1299
213.248.89.118,1299
213.248.91.209,1299
213.248.92.108,1299
213.248.94.222,1299
213.248.95.132,1299
213.248.95.176,1299
213.248.95.90,1299
213.248.96.108,1299
213.248.96.150,1299
213.248.97.138,1299
213.248.97.220,1299
213.248.98.120,1299
213.248.98.252,1299
213.249.124.173,3356
213.251.128.65,16276
213.254.31.239,12779
213.254.31.97,12779
213.30.208.93,8881
213.39.26.245,3257
213.46.171.222,6830
213.46.192.2,33915
213.58.172.114,9186
213.91.165.184,8866
213.91.165.186,8866
213.99.17.149,12956
216.173.77.1,397032
216.200.245.185,6461
216.200.245.209,6461
216.218.132.13,6939
216.218.147.245,6939
216.218.216.249,6939
216.218.223.9,6939
216.238.41.65,54148
216.37.47.153,17054
216.39.243.156,30456
216.48.176.1,132420
216.66.65.137,6939
216.66.68.33,6939
216.66.78.125,6939
217.113.177.238,30766
217.113.189.122,30766
217.148.164.16,20495
217.148.190.1,20495
217.150.48.194,20485
217.150.56.138,20485
217.150.58.46,20485
217.171.32.173,20836
217.171.32.174,20836
217.196.147.94,5404
217.197.106.129,204471
217.197.95.66,29670
217.198.242.238,2857
217.198.243.245,2857
217.198.246.157,2857
217.198.246.254,2857
217.243.179.164,3320
217.243.179.214,3320
217.243.20.17,3320
217.25.179.124,24776
217.25.179.61,24776
217.28.160.14,3292
217.28.166.211,3292
217.29.66.116,
217.29.66.183,
217.29.66.39,
217.29.76.1,16004
217.31.202.253,25192
217.31.48.15,29134
217.5.115.110,3320
217.61.32.63,31034
217.68.96.60,25400
217.68.96.61,25400
217.70.176.110,29169
217.70.176.8,29169
217.71.96.0,13237
217.71.96.18,13237
217.76.64.5,29555
217.76.65.77,29555
220.128.26.177,
220.128.30.130,
220.128.31.117,
220.128.6.165,
221.120.192.172,9557
223.118.5.90,58453
223.118.6.142,58453
223.118.6.41,58453
223.119.0.94,58453
223.119.21.89,58453
223.120.11.10,58453
223.120.11.49,58453
223.120.16.190,58453
223.120.16.213,58453
223.120.3.165,58453
223.120.3.89,58453
223.130.20.217,138128
223.130.21.201,138128
223.28.43.54,9930
223.28.53.222,9930
23.128.248.1,400226
23.129.32.17,53356
23.130.138.1,52210
23.131.160.205,13925
23.131.161.177,13925
23.132.228.254,6517
23.132.28.1,400596
23.133.168.129,400442
23.136.28.168,30456
23.136.28.199,30456
23.136.28.201,30456
23.136.28.202,30456
23.136.28.206,30456
23.138.112.21,267
23.142.248.1,393577
23.143.82.1,1003
23.146.248.1,204844
23.147.72.125,23428
23.147.72.241,23428
23.148.232.1,59678
23.150.40.5,21738
23.152.192.9,53698
23.153.56.25,35008
23.156.200.253,52025
23.156.200.254,52025
23.157.160.129,21700
23.157.160.4,21700
23.161.80.41,398447
23.168.145.9,398960
23.170.33.2,397131
23.173.128.1,396279
23.174.128.17,53698
23.175.208.252,54316
23.175.209.1,54316
23.176.216.1,23459
23.176.224.2,397376
23.182.72.2,401167
23.186.184.1,11358
23.186.248.1,62467
23.186.248.119,62467
23.188.56.97,401332
23.203.158.52,20940
23.226.232.1,3842
23.56.138.24,20940
23.91.111.34,4229
24.27.236.44,7843
27.111.229.103,
27.111.84.20,135132
27.131.108.97,38880
27.68.236.18,7552
27.68.250.214,7552
27.71.239.13,7552
31.12.80.134,57630
31.12.80.141,57630
31.12.80.159,57630
31.12.81.148,57630
31.12.81.56,57630
31.12.82.122,57630
31.130.200.1,56740
31.131.196.10,9049
31.14.143.130,31034
31.15.54.137,1257
31.154.208.205,12400
31.169.48.100,50304
31.172.2.254,50629
31.172.2.33,50629
31.177.63.81,56910
31.204.145.67,49544
31.204.89.40,
31.204.89.42,
31.204.89.50,
31.204.91.13,56665
31.209.89.33,50629
31.209.93.102,50629
31.209.95.192,50629
31.216.56.236,21859
31.31.34.123,
31.31.38.75,
31.31.38.82,
31.47.232.1,34549
31.47.76.2,15954
31.56.45.1,214138
31.57.34.0,207994
31.57.34.16,207994
32.130.91.67,7018
36.64.253.233,7713
37.10.126.65,199610
37.10.40.9,202196
37.10.41.9,202196
37.10.45.9,202196
37.120.220.144,
37.143.164.17,52023
37.143.33.254,43350
37.186.150.185,20811
37.19.193.150,
37.19.193.190,
37.19.193.88,
37.202.7.125,15817
37.203.56.80,39637
37.228.130.229,50873
37.233.77.225,1257
37.247.74.73,21413
37.252.190.65,44133
37.252.245.93,42473
37.252.251.25,42473
37.29.105.20,31133
37.32.107.65,
37.46.114.3,51430
37.46.121.3,51430
37.46.123.252,51430
37.46.78.25,15699
37.46.78.65,15699
37.49.232.13,
37.49.236.17,
37.59.16.31,16276
37.72.101.19,61029
37.72.101.65,61029
38.10.250.193,269730
38.104.52.78,174
38.110.42.1,2637
38.142.154.73,174
38.142.247.153,174
38.146.216.129,399728
38.191.196.18,273103
38.211.145.106,27951
38.224.153.241,273843
38.41.4.88,269832
38.47.176.1,140443
38.47.189.1,140443
38.47.191.1,140443
38.51.208.5,269730
38.51.208.65,269730
38.88.165.73,174
4.14.213.113,3356
4.15.104.5,3356
4.15.122.45,3356
4.35.186.169,3356
4.37.119.33,3356
4.53.56.5,3356
4.68.111.101,3356
4.68.68.125,3356
4.79.46.173,3356
41.175.222.236,30844
41.175.44.10,30844
41.175.45.86,30844
41.175.46.57,30844
41.181.105.163,16637
41.181.190.197,16637
41.181.190.199,16637
41.181.244.169,16637
41.181.244.232,16637
41.181.244.234,16637
41.181.244.241,16637
41.181.247.38,16637
41.191.77.205,37063
41.216.196.94,37105
41.217.220.1,37109
41.217.222.1,37109
41.220.79.185,29465
41.221.208.93,3491
41.223.244.129,32437
41.66.132.177,37179
41.66.132.241,37179
41.78.188.135,37271
41.79.249.226,3491
41.84.12.109,37179
41.84.12.29,37179
41.84.151.60,30844
43.224.189.33,137074
43.228.174.118,63806
43.228.174.130,63806
43.228.174.132,63806
43.228.174.198,63806
43.230.153.1,45725
43.230.153.89,45725
43.243.21.17,
44.30.29.254,60900
45.11.104.9,23961
45.11.105.6,57695
45.11.107.130,969
45.11.107.54,969
45.127.173.24,
45.130.46.129,208976
45.131.252.1,13030
45.131.254.226,207143
45.131.68.11,57578
45.131.68.3,57578
45.134.214.16,
45.136.139.251,58057
45.138.175.171,30823
45.14.110.105,6768
45.140.102.187,
45.140.102.218,
45.143.196.49,212027
45.146.194.134,57965
45.146.194.137,57965
45.146.194.65,57965
45.148.157.14,50903
45.148.64.255,215024
45.150.40.185,45009
45.152.39.148,50917
45.153.82.122,5405
45.153.82.58,5405
45.153.83.162,5405
45.153.83.166,5405
45.153.83.2,5405
45.153.83.234,5405
45.153.83.8,5405
45.157.175.2,201115
45.157.175.33,201115
45.157.243.124,205112
45.157.243.130,205112
45.157.243.27,205112
45.159.104.32,201800
45.159.5.225,199610
45.167.2.40,52468
45.173.216.45,267828
45.183.45.1,64116
45.183.45.101,64116
45.183.45.97,64116
45.187.93.57,269829
45.32.208.193,20473
45.5.10.1,265695
45.5.10.9,265695
45.5.11.9,265695
45.63.81.1,20473
45.65.244.253,265721
45.68.35.209,64150
45.68.42.1,273867
45.68.49.81,273149
45.68.6.1,271885
45.68.91.33,273890
45.71.11.110,64112
45.83.104.2,197540
45.84.145.199,61438
45.86.125.181,200462
45.86.126.73,213392
45.87.135.253,208398
45.87.135.255,208398
45.87.79.249,208725
45.87.79.252,208725
45.88.5.249,39521
45.89.169.10,204989
45.94.14.193,208520
46.166.166.30,16125
46.166.168.1,16125
46.17.200.254,49675
46.17.216.1,
46.17.216.14,214770
46.17.216.255,214770
46.183.250.254,15693
46.183.255.249,15693
46.183.255.250,15693
46.22.180.57,24586
46.227.64.93,42675
46.229.54.1,210490
46.249.44.76,50673
46.249.96.1,12697
46.253.2.1,216145
46.29.176.65,206610
46.30.208.46,51468
46.30.208.70,51468
46.30.210.48,51468
46.59.112.181,8473
46.59.112.183,8473
46.59.112.234,8473
46.59.112.86,8473
46.59.112.94,8473
49.255.112.150,4826
49.255.158.254,4826
49.44.187.240,55836
5.1.99.169,198385
5.1.99.24,198385
5.1.99.54,198385
5.101.108.9,14061
5.101.110.7,14061
5.101.111.8,14061
5.104.192.129,34659
5.11.12.127,30844
5.11.12.34,30844
5.11.13.61,30844
5.11.8.145,30844
5.145.135.66,34953
5.152.153.16,57630
5.180.134.10,13030
5.180.134.132,13030
5.180.134.138,13030
5.180.134.15,13030
5.180.134.2,13030
5.180.134.205,13030
5.180.135.101,13030
5.180.135.104,13030
5.180.135.14,13030
5.180.135.227,13030
5.180.135.36,13030
5.180.135.88,13030
5.180.57.80,56987
5.182.144.130,209097
5.182.144.19,209097
5.188.108.2,202422
5.188.168.2,202422
5.188.236.240,50509
5.188.236.42,50509
5.188.238.3,202422
5.188.93.2,202422
5.199.167.25,216444
5.2.80.1,3188
5.226.144.134,58299
5.226.144.171,58299
5.226.144.191,58299
5.226.144.254,58299
5.226.149.35,58299
5.23.30.17,6453
5.252.164.112,
5.253.37.33,207994
5.255.66.80,50673
5.28.0.21,12303
5.39.168.30,31673
5.39.202.1,50338
5.53.0.58,12956
5.53.1.101,12956
5.53.3.203,12956
5.53.3.43,12956
5.53.4.177,12956
5.53.6.19,12956
5.53.6.190,12956
5.53.6.44,12956
5.56.19.17,201011
5.56.19.209,201011
5.56.20.81,201011
5.62.127.1,199610
50.144.136.49,7922
50.30.119.253,13781
50.31.137.186,23352
50.54.254.125,20055
51.158.0.107,12876
51.158.138.1,12876
51.158.143.16,12876
51.158.143.43,12876
51.158.143.58,12876
51.158.8.177,12876
51.159.68.129,12876
51.162.232.244,
51.162.232.249,
51.162.232.253,
51.255.248.254,16276
51.83.248.1,16276
51.89.116.1,16276
54.39.176.1,16276
57.128.121.0,16276
57.128.121.51,16276
58.138.112.221,2497
58.138.114.233,2497
58.138.81.149,2497
58.138.84.218,2497
58.138.88.234,2497
59.145.79.69,9498
59.153.9.244,64098
61.213.145.45,2914
61.246.97.189,9498
61.251.96.89,2914
61.95.165.141,9498
62.101.124.29,12874
62.109.128.1,29134
62.112.29.66,6696
62.115.112.218,1299
62.115.112.84,1299
62.115.112.90,1299
62.115.113.116,1299
62.115.113.78,1299
62.115.114.184,1299
62.115.114.87,1299
62.115.114.89,1299
62.115.114.91,1299
62.115.114.95,1299
62.115.115.70,1299
62.115.115.77,1299
62.115.116.170,1299
62.115.116.172,1299
62.115.116.213,1299
62.115.116.238,1299
62.115.116.47,1299
62.115.117.114,1299
62.115.117.56,1299
62.115.118.108,1299
62.115.118.58,1299
62.115.118.62,1299
62.115.119.230,1299
62.115.120.176,1299
62.115.120.20,1299
62.115.120.218,1299
62.115.120.238,1299
62.115.120.241,1299
62.115.120.74,1299
62.115.121.221,1299
62.115.122.139,1299
62.115.122.188,1299
62.115.122.34,1299
62.115.123.12,1299
62.115.123.122,1299
62.115.123.124,1299
62.115.123.235,1299
62.115.123.243,1299
62.115.123.26,1299
62.115.123.76,1299
62.115.124.12,1299
62.115.124.123,1299
62.115.124.28,1299
62.115.124.58,1299
62.115.124.60,1299
62.115.125.166,1299
62.115.125.170,1299
62.115.126.144,1299
62.115.126.159,1299
62.115.126.176,1299
62.115.126.228,1299
62.115.126.250,1299
62.115.126.70,1299
62.115.127.6,1299
62.115.13.36,1299
62.115.132.154,1299
62.115.132.157,1299
62.115.132.228,1299
62.115.132.90,1299
62.115.133.239,1299
62.115.134.224,1299
62.115.134.228,1299
62.115.134.246,1299
62.115.134.80,1299
62.115.135.24,1299
62.115.135.25,1299
62.115.136.118,1299
62.115.136.122,1299
62.115.136.145,1299
62.115.136.181,1299
62.115.136.213,1299
62.115.136.219,1299
62.115.136.230,1299
62.115.136.248,1299
62.115.136.250,1299
62.115.136.44,1299
62.115.136.76,1299
62.115.136.78,1299
62.115.136.82,1299
62.115.137.132,1299
62.115.137.136,1299
62.115.137.142,1299
62.115.137.148,1299
62.115.137.15,1299
62.115.137.18,1299
62.115.137.192,1299
62.115.137.202,1299
62.115.137.223,1299
62.115.137.249,1299
62.115.137.252,1299
62.115.137.29,1299
62.115.137.38,1299
62.115.137.44,1299
62.115.137.52,1299
62.115.137.54,1299
62.115.137.56,1299
62.115.137.84,1299
62.115.137.90,1299
62.115.138.105,1299
62.115.138.112,1299
62.115.138.132,1299
62.115.138.20,1299
62.115.138.224,1299
62.115.138.236,1299
62.115.138.46,1299
62.115.138.70,1299
62.115.139.0,1299
62.115.139.105,1299
62.115.139.106,1299
62.115.139.124,1299
62.115.139.140,1299
62.115.139.154,1299
62.115.139.16,1299
62.115.139.165,1299
62.115.139.180,1299
62.115.139.184,1299
62.115.139.186,1299
62.115.139.205,1299
62.115.139.21,1299
62.115.139.212,1299
62.115.139.245,1299
62.115.139.251,1299
62.115.139.32,1299
62.115.139.35,1299
62.115.139.40,1299
62.115.139.45,1299
62.115.139.72,1299
62.115.140.100,1299
62.115.140.104,1299
62.115.140.106,1299
62.115.140.108,1299
62.115.140.14,1299
62.115.140.156,1299
62.115.140.157,1299
62.115.140.175,1299
62.115.140.190,1299
62.115.140.226,1299
62.115.140.227,1299
62.115.140.228,1299
62.115.140.229,1299
62.115.140.237,1299
62.115.140.24,1299
62.115.140.244,1299
62.115.140.247,1299
62.115.140.30,1299
62.115.140.38,1299
62.115.140.70,1299
62.115.141.123,1299
62.115.141.132,1299
62.115.141.146,1299
62.115.141.149,1299
62.115.141.153,1299
62.115.141.185,1299
62.115.141.186,1299
62.115.141.34,1299
62.115.141.36,1299
62.115.141.39,1299
62.115.141.51,1299
62.115.142.190,1299
62.115.142.210,1299
62.115.142.36,1299
62.115.142.72,1299
62.115.143.164,1299
62.115.143.236,1299
62.115.143.24,1299
62.115.143.29,1299
62.115.143.32,1299
62.115.144.32,1299
62.115.144.80,1299
62.115.144.94,1299
62.115.145.204,1299
62.115.145.220,1299
62.115.145.221,1299
62.115.147.180,1299
62.115.148.42,1299
62.115.148.76,1299
62.115.149.36,1299
62.115.149.44,1299
62.115.151.140,1299
62.115.151.62,1299
62.115.155.116,1299
62.115.156.74,1299
62.115.157.78,1299
62.115.160.129,1299
62.115.166.182,1299
62.115.166.225,1299
62.115.166.36,1299
62.115.167.128,1299
62.115.168.230,1299
62.115.168.56,1299
62.115.169.52,1299
62.115.170.122,1299
62.115.175.130,1299
62.115.175.190,1299
62.115.175.92,1299
62.115.178.192,1299
62.115.178.72,1299
62.115.179.150,1299
62.115.180.113,1299
62.115.182.237,1299
62.115.183.158,1299
62.115.183.26,1299
62.115.183.52,1299
62.115.184.232,1299
62.115.185.136,1299
62.115.186.118,1299
62.115.187.124,1299
62.115.187.94,1299
62.115.188.54,1299
62.115.189.124,1299
62.115.189.142,1299
62.115.189.206,1299
62.115.189.86,1299
62.115.191.177,1299
62.115.192.82,1299
62.115.192.92,1299
62.115.193.2,1299
62.115.195.201,1299
62.115.197.188,1299
62.115.198.142,1299
62.115.198.204,1299
62.115.199.10,1299
62.115.199.106,1299
62.115.199.116,1299
62.115.199.30,1299
62.115.200.148,1299
62.115.200.20,1299
62.115.201.56,1299
62.115.202.156,1299
62.115.202.248,1299
62.115.203.145,1299
62.115.203.18,1299
62.115.205.224,1299
62.115.205.58,1299
62.115.207.30,1299
62.115.207.92,1299
62.115.237.177,1299
62.115.32.100,1299
62.115.35.148,1299
62.115.35.216,1299
62.115.36.18,1299
62.115.36.50,1299
62.115.40.208,1299
62.115.41.150,1299
62.115.43.112,1299
62.115.44.132,1299
62.115.44.180,1299
62.115.44.56,1299
62.115.44.64,1299
62.115.45.10,1299
62.115.48.200,1299
62.115.52.146,1299
62.115.55.208,1299
62.115.55.98,1299
62.115.9.116,1299
62.115.9.126,1299
62.140.243.117,28917
62.140.245.80,28917
62.141.47.18,24961
62.141.47.21,24961
62.141.47.248,24961
62.141.47.8,24961
62.145.191.158,13170
62.145.191.190,13170
62.149.185.52,31034
62.153.188.74,3320
62.154.179.81,3320
62.154.5.109,3320
62.159.99.230,3320
62.176.230.6,9136
62.176.231.1,9136
62.176.249.59,9136
62.176.251.108,9136
62.176.251.5,9136
62.176.251.79,9136
62.176.251.80,9136
62.209.167.73,12552
62.214.137.217,8881
62.216.129.178,15412
62.216.130.77,15412
62.216.131.154,15412
62.217.100.62,5408
62.217.98.52,5408
62.245.181.98,8767
62.40.98.134,20965
62.40.98.77,20965
62.50.171.161,35132
62.68.191.182,8680
62.69.146.18,
62.80.224.111,25406
62.80.227.1,25406
63.141.253.33,33387
63.218.107.69,3491
63.218.12.46,3491
63.218.125.153,3491
63.218.212.241,3491
63.218.218.74,3491
63.218.230.66,3491
63.218.249.101,3491
63.220.195.118,3491
63.220.195.9,3491
63.220.199.180,3491
63.220.65.73,3491
63.222.106.2,3491
63.222.185.19,198148
63.222.187.14,3491
63.222.188.1,198148
63.222.189.2,198148
63.222.190.1,198148
63.222.191.1,198148
63.222.248.14,198148
63.222.40.113,3491
63.223.43.126,3491
63.223.43.202,3491
63.223.43.225,3491
63.223.60.126,3491
63.223.60.138,3491
63.223.60.158,3491
63.243.180.131,6453
63.243.218.16,6453
64.125.20.164,6461
64.125.20.181,6461
64.125.21.92,6461
64.125.24.143,6461
64.125.25.43,6461
64.125.26.12,6461
64.125.27.13,6461
64.125.27.230,6461
64.125.28.124,6461
64.125.29.199,6461
64.15.1.155,
64.15.3.144,
64.187.218.2,21699
64.222.201.253,13977
64.222.213.155,13977
64.255.253.44,17054
64.62.133.53,6939
64.62.151.1,6939
64.62.163.137,6939
64.62.180.45,6939
64.62.206.97,6939
64.71.163.69,6939
64.76.205.185,3549
64.81.174.97,273034
64.86.161.0,6453
64.86.26.38,6453
65.19.133.193,6939
65.49.108.1,6939
65.49.108.45,6939
65.51.3.116,54004
65.74.145.156,17018
66.103.227.177,12129
66.109.6.5,7843
66.110.15.36,6453
66.110.80.60,6453
66.110.82.4,6453
66.163.64.81,6327
66.163.69.45,6327
66.163.70.106,6327
66.198.101.128,6453
66.198.101.133,6453
66.198.29.34,6453
66.198.29.37,6453
66.216.1.158,19151
66.216.1.6,19151
66.216.2.11,19151
66.216.2.133,19151
66.216.2.135,19151
66.216.50.41,19151
66.230.78.114,17054
66.230.78.178,17054
66.230.78.238,17054
66.230.79.197,17054
66.230.79.42,17054
66.231.64.1,23246
66.244.16.8,23483
66.76.193.61,19108
66.97.16.23,26677
66.97.16.30,26677
66.97.22.48,26677
67.214.125.195,12129
67.220.151.121,3257
68.64.60.188,19528
68.71.128.109,30475
68.71.128.236,30475
68.71.128.64,30475
68.71.128.70,30475
68.85.114.1,7922
69.174.22.85,3257
69.197.153.193,32097
69.30.209.184,32097
69.30.209.221,32097
69.30.209.224,32097
69.30.209.229,32097
69.30.209.237,32097
69.30.209.239,32097
69.30.209.240,32097
69.30.249.205,32097
69.41.193.1,29953
69.79.100.0,23520
69.79.100.148,23520
69.79.100.151,23520
69.79.100.152,23520
69.79.100.16,23520
69.79.100.190,23520
69.79.100.208,23520
69.89.205.20,33362
69.89.205.240,33362
69.89.205.242,33362
69.89.207.2,33362
72.129.1.244,20001
72.129.3.114,20001
72.21.30.24,21699
72.29.215.90,3257
72.52.114.245,6939
72.52.92.165,6939
72.52.92.205,6939
72.52.92.246,6939
72.9.128.67,17501
74.117.24.254,32270
74.119.117.156,19750
74.119.118.16,19750
74.209.166.142,
74.82.51.117,6939
76.53.61.193,20001
77.109.136.13,13030
77.109.177.28,13030
77.109.180.1,13030
77.220.233.4,42699
77.220.238.132,42699
77.220.248.130,62310
77.220.248.93,62310
77.223.56.94,13170
77.235.191.157,21413
77.235.191.174,21413
77.235.191.178,21413
77.244.255.55,47692
77.246.204.229,16302
77.46.118.6,41931
77.46.127.1,41931
77.48.21.193,16019
77.73.224.37,41960
77.73.224.65,41960
77.73.224.9,41960
77.73.226.66,41960
77.75.74.33,43037
77.75.75.33,43037
77.88.216.0,3326
78.128.211.253,2852
78.138.61.17,47526
78.24.234.2,208906
78.40.143.1,45839
78.41.116.129,35492
79.104.225.146,
79.104.225.60,
79.110.170.1,208590
79.127.193.143,
79.135.106.1,62371
79.142.74.3,51430
79.160.112.23,29695
8.242.0.1,3356
8.243.140.1,3356
8.243.60.201,3356
8.243.60.29,3356
80.156.160.126,3320
80.156.160.4,3320
80.156.162.179,3320
80.156.162.199,3320
80.231.165.25,6453
80.231.165.48,6453
80.231.217.52,6453
80.231.65.2,6453
80.239.128.120,1299
80.239.128.253,1299
80.239.130.1,1299
80.239.132.186,1299
80.239.132.225,1299
80.239.135.178,1299
80.239.160.204,1299
80.239.161.92,1299
80.239.167.230,1299
80.239.192.101,1299
80.239.192.234,1299
80.239.192.44,1299
80.239.193.134,1299
80.239.193.94,1299
80.241.3.1,21282
80.241.35.190,21299
80.241.35.237,21299
80.243.161.244,21013
80.243.161.81,21013
80.243.161.85,21013
80.243.57.133,21413
80.247.237.238,15826
80.249.208.188,
80.249.209.216,
80.249.209.82,
80.249.211.123,
80.249.211.166,
80.249.212.0,
80.249.212.200,
80.252.103.229,8893
80.255.15.165,201011
80.67.163.243,20766
80.67.181.0,204059
80.67.181.19,204059
80.67.190.193,204092
80.67.2.156,42708
80.67.4.132,42708
80.67.4.217,42708
80.67.9.37,42708
80.77.16.253,34549
80.77.167.1,28917
80.77.167.184,28917
80.77.167.61,28917
80.77.28.1,34549
80.77.4.57,15412
80.79.16.245,24971
80.80.254.250,34785
80.81.192.172,
80.81.192.73,
80.81.193.119,
80.81.193.139,
80.81.193.80,
80.81.194.117,
80.81.194.56,
80.81.194.90,
80.81.194.96,
80.81.195.111,
80.81.197.40,
80.82.241.133,28792
80.82.243.121,28792
80.82.243.126,28792
80.82.243.140,28792
80.92.124.140,34347
80.92.124.146,34347
81.16.148.2,1764
81.166.123.132,29695
81.166.123.56,29695
81.166.54.212,29695
81.167.242.56,29695
81.167.46.6,29695
81.169.160.41,6724
81.169.160.75,6724
81.17.35.96,
81.18.177.165,39180
81.18.201.157,9141
81.196.8.33,8708
81.20.112.1,39835
81.20.69.54,2914
81.211.172.1,48503
81.211.172.99,48503
81.211.193.41,48503
81.211.194.41,48503
81.211.195.41,48503
81.211.196.41,48503
81.211.197.41,48503
81.211.198.41,48503
81.211.199.41,48503
81.211.201.41,48503
81.211.202.41,48503
81.211.203.41,48503
81.211.204.41,48503
81.211.81.124,3216
81.212.203.102,9121
81.212.208.178,9121
81.212.212.226,9121
81.212.214.26,9121
81.212.217.102,9121
81.212.220.238,9121
81.216.114.68,1257
81.26.160.190,12843
81.26.160.202,12843
81.26.96.236,49775
81.26.96.42,49775
81.27.254.53,20764
81.91.160.89,8763
81.91.95.113,39790
81.91.95.13,39790
81.93.6.206,8399
81.95.15.49,201011
81.95.9.44,201011
81.95.9.58,201011
82.102.129.235,12400
82.134.45.113,8542
82.148.224.193,25376
82.148.224.3,25376
82.178.33.214,8529
82.195.67.178,8365
82.195.78.101,8365
82.197.163.93,13030
82.197.168.222,13030
82.200.243.212,9198
82.200.243.26,9198
82.200.243.42,9198
82.26.68.1,62000
82.26.68.2,62000
82.38.0.252,43851
82.97.188.3,13101
82.98.102.136,12306
82.98.102.2,12306
82.98.154.253,42612
82.98.224.201,13237
82.98.65.251,12306
83.103.40.65,12874
83.126.81.17,13237
83.136.160.149,34659
83.136.165.70,34659
83.145.23.1,12552
83.167.254.163,24971
83.167.254.168,24971
83.167.55.213,8218
83.167.55.234,8218
83.167.56.246,8218
83.167.63.146,8218
83.168.71.253,35179
83.169.204.186,31133
83.171.216.33,41273
83.175.125.177,31510
83.229.8.254,39120
83.231.187.2,2914
83.88.6.25,3292
83.91.81.89,3292
83.97.88.137,21320
83.97.88.46,21320
83.97.89.13,21320
83.97.89.66,21320
83.97.89.9,21320
83.97.90.20,21320
83.97.90.35,21320
83.97.92.4,21320
84.116.136.146,6830
84.116.136.61,6830
84.116.202.105,6830
84.14.25.209,8220
84.16.10.116,12956
84.16.11.134,12956
84.16.15.12,12956
84.16.64.1,29222
84.16.64.11,29222
84.16.64.144,29222
84.16.64.15,29222
84.16.64.174,29222
84.16.64.193,29222
84.16.64.194,29222
84.16.64.195,29222
84.16.64.196,29222
84.16.64.3,29222
84.16.64.32,29222
84.16.9.12,12956
84.17.33.10,
84.17.33.246,
84.17.33.32,
84.17.33.96,
84.20.39.213,6730
84.20.40.250,6730
84.200.2.70,44066
84.244.125.218,25248
84.244.76.129,25248
84.254.127.93,35548
84.254.77.74,35548
84.254.77.85,35548
84.254.77.90,35548
84.32.130.41,204770
84.32.142.177,33922
84.32.189.209,59642
84.38.236.62,31673
84.44.20.157,15924
84.54.64.38,8193
84.88.18.253,13041
85.115.3.245,12843
85.118.58.212,29075
85.132.90.153,29049
85.132.90.221,29049
85.14.244.20,24961
85.14.244.223,24961
85.158.212.196,8368
85.162.162.13,28725
85.185.93.1,58224
85.187.20.234,31287
85.187.50.189,31287
85.19.121.225,25400
85.19.121.70,25400
85.19.121.88,25400
85.19.122.216,25400
85.19.122.217,25400
85.190.172.74,
85.194.195.42,47605
85.195.223.132,13030
85.195.223.141,13030
85.197.82.114,25220
85.214.2.70,6724
85.233.1.3,29505
85.233.1.49,29505
85.236.32.149,15456
85.236.41.235,15456
85.24.220.18,8473
85.24.220.7,8473
85.29.131.108,21299
85.29.131.28,21299
85.29.131.84,21299
85.29.131.98,21299
85.29.165.229,21299
85.29.184.129,21299
85.30.128.70,34244
85.30.128.71,34244
85.30.128.85,34244
85.31.23.129,21013
85.31.8.52,21013
85.93.198.201,9008
85.93.215.81,9008
85.93.31.1,212057
86.107.73.2,60149
86.38.3.142,15419
86.50.254.239,1741
86.50.254.240,1741
86.50.254.246,1741
86.50.254.252,1741
86.50.255.220,1741
86.50.255.223,1741
86.50.255.224,1741
86.50.255.232,1741
86.50.255.74,1741
86.50.255.83,1741
86.60.253.234,39699
86.60.254.248,39699
86.60.254.251,39699
87.195.25.81,12414
87.195.79.81,12414
87.234.14.206,20676
87.234.14.235,20676
87.236.154.128,47605
87.236.154.144,47605
87.236.154.168,47605
87.236.154.176,47605
87.236.154.188,47605
87.236.154.212,47605
87.236.154.30,47605
87.236.154.66,47605
87.236.158.138,47605
87.236.158.20,47605
87.236.158.202,47605
87.236.158.58,47605
87.236.158.62,47605
87.236.216.225,15699
87.237.165.2,41047
87.237.203.49,51859
87.238.225.10,6696
87.245.211.72,9002
87.245.214.185,9002
87.245.227.60,9002
87.245.227.61,9002
87.245.228.132,9002
87.245.230.102,9002
87.245.230.12,9002
87.245.230.94,9002
87.245.230.95,9002
87.245.231.156,9002
87.245.231.200,9002
87.245.233.108,9002
87.245.233.255,9002
87.245.233.44,9002
87.245.234.169,9002
87.245.238.169,9002
87.245.238.228,9002
87.245.238.230,9002
87.245.238.250,9002
87.245.238.252,9002
87.245.238.34,9002
87.245.239.148,9002
87.245.240.70,9002
87.245.241.209,9002
87.245.241.98,9002
87.245.242.170,9002
87.245.242.177,9002
87.245.242.204,9002
87.245.242.218,9002
87.245.242.64,9002
87.245.242.68,9002
87.245.243.156,9002
87.245.243.157,9002
87.245.244.64,9002
87.245.244.86,9002
87.245.245.102,9002
87.245.245.141,9002
87.245.245.68,9002
87.245.246.140,9002
87.245.246.234,9002
87.245.246.54,9002
87.245.246.86,9002
87.245.248.158,9002
87.245.249.241,9002
87.247.54.101,21299
87.251.34.3,12859
87.253.184.90,35258
87.255.238.137,38917
87.44.77.128,1213
88.198.173.49,24940
88.200.7.238,2107
88.200.7.246,2107
88.204.208.1,9198
88.204.248.245,9198
88.218.206.0,215467
88.220.104.141,20804
88.220.204.158,
88.255.14.13,9121
88.255.159.213,9121
88.81.228.253,3326
88.81.244.0,15785
88.81.244.214,15785
88.81.244.221,15785
88.86.103.6,39392
88.86.116.28,39392
88.86.96.161,39392
88.86.96.166,39392
88.86.96.173,39392
88.86.96.186,39392
89.104.121.139,51346
89.106.219.237,39702
89.116.135.193,49703
89.163.136.12,24961
89.163.136.186,24961
89.163.136.204,24961
89.163.136.86,24961
89.163.203.48,24961
89.163.203.81,24961
89.185.60.121,8426
89.190.1.65,199087
89.190.2.242,199087
89.218.115.129,9198
89.218.223.37,9198
89.218.229.165,9198
89.218.74.77,9198
89.221.32.156,6762
89.234.186.143,204092
89.234.186.34,204092
89.236.171.1,15600
89.238.218.213,6663
89.37.98.1,50917
89.38.165.94,35168
89.38.167.134,35168
89.38.167.217,35168
89.44.12.77,197556
89.45.247.225,29119
89.47.48.185,29222
90.223.193.0,5607
90.223.193.2,5607
91.103.0.194,47720
91.103.0.98,47720
91.108.51.7,
91.121.131.150,16276
91.124.1.26,213615
91.129.12.130,1257
91.129.12.21,1257
91.129.13.102,1257
91.129.13.108,1257
91.129.14.112,1257
91.129.14.114,1257
91.129.14.187,1257
91.129.16.138,1257
91.129.19.60,1257
91.132.103.2,56958
91.132.103.3,56958
91.135.161.161,39878
91.185.18.169,41798
91.185.6.9,41798
91.189.250.9,42927
91.190.224.97,42184
91.190.228.50,42184
91.196.6.17,215318
91.198.176.69,
91.200.16.66,1200
91.202.128.65,13032
91.204.160.248,50599
91.204.160.50,50599
91.204.162.1,50599
91.204.73.192,20292
91.205.215.212,61349
91.206.229.129,209428
91.206.52.10,
91.206.52.170,
91.206.52.205,
91.206.52.40,
91.206.53.26,
91.209.0.1,60396
91.209.16.1,212073
91.210.17.59,
91.212.77.250,205747
91.213.34.5,34714
91.213.39.1,49558
91.215.150.217,34612
91.216.219.5,
91.217.27.253,43868
91.218.160.1,51346
91.218.163.89,51346
91.218.22.235,211186
91.218.4.66,51225
91.218.5.65,51225
91.221.192.8,48885
91.221.193.2,48885
91.221.37.1,51724
91.221.4.1,49798
91.222.4.66,51859
91.227.33.1,215120
91.228.64.254,49558
91.232.154.2,57692
91.232.229.3,
91.234.194.1,210403
91.236.1.238,198524
91.236.52.255,50599
91.236.55.68,50599
91.237.152.4,
91.237.218.9,212882
91.244.71.1,215120
92.214.109.125,3209
92.220.190.137,29695
92.223.105.3,202422
92.223.107.98,199524
92.223.110.2,210756
92.223.112.3,199524
92.223.12.75,199524
92.223.126.129,199524
92.223.59.2,202422
92.223.63.81,199524
92.223.68.34,199524
92.223.78.19,199524
92.223.92.19,199524
92.223.93.195,202422
92.243.15.252,203476
92.255.4.15,49505
92.255.4.17,49505
92.38.132.2,202422
92.38.135.2,202422
92.38.169.130,199524
92.38.171.2,202422
92.38.176.2,202422
92.38.178.1,202422
92.38.184.2,202422
92.38.191.67,210756
92.46.234.129,9198
92.47.141.201,9198
92.47.144.125,9198
92.47.144.141,9198
92.47.144.145,9198
92.47.144.195,9198
92.47.144.42,9198
92.47.144.57,9198
92.47.145.109,9198
92.47.145.135,9198
92.47.145.175,9198
92.47.145.67,9198
92.47.150.118,9198
92.47.151.104,9198
92.47.151.113,9198
92.47.151.127,9198
92.47.151.96,9198
92.47.151.98,9198
92.53.93.179,49505
92.60.104.104,45014
92.60.104.113,45014
92.60.104.94,45014
92.60.13.85,1764
92.60.2.92,
92.60.2.94,
92.79.214.58,3209
93.113.126.129,60149
93.157.191.41,206119
93.158.208.20,50673
93.174.194.182,20904
93.186.132.194,6762
93.186.133.209,6762
93.190.128.177,6881
93.190.135.243,6881
93.190.252.146,21473
93.191.9.244,28917
93.88.224.1,44973
93.88.225.1,44973
93.90.135.194,47295
93.92.119.45,59790
93.92.119.56,59790
93.92.99.40,24586
94.103.180.16,5405
94.103.180.2,5405
94.103.180.28,5405
94.103.180.29,5405
94.103.180.31,5405
94.103.180.32,5405
94.103.180.33,5405
94.103.180.34,5405
94.103.180.35,5405
94.103.180.36,5405
94.103.180.37,5405
94.103.180.67,5405
94.103.180.68,5405
94.126.239.229,48070
94.126.239.237,48070
94.126.239.253,48070
94.126.239.62,48070
94.136.163.1,29108
94.136.2.189,48943
94.137.63.129,47165
94.140.62.189,12552
94.142.103.32,12956
94.142.116.95,12956
94.142.118.11,12956
94.142.118.99,12956
94.142.121.185,12956
94.142.127.254,12956
94.142.240.253,8283
94.142.99.167,12956
94.158.46.129,202619
94.16.25.154,47147
94.16.25.158,47147
94.176.100.225,59790
94.176.100.234,59790
94.176.183.83,199524
94.198.152.2,1140
94.198.159.1,1140
94.199.170.201,48362
94.199.170.202,48362
94.199.89.3,48328
94.199.89.6,48328
94.199.91.129,48328
94.203.76.209,15802
94.205.255.249,15802
94.207.43.1,57187
94.228.128.118,41887
94.228.128.58,41887
94.228.128.92,41887
94.228.136.253,41887
94.228.141.253,41887
94.231.212.1,207423
94.231.212.65,207423
94.242.0.1,43317
94.242.1.1,43317
94.247.111.1,49673
94.42.104.49,12912
94.77.210.129,47794
94.77.252.89,47794
95.131.96.113,12897
95.163.252.9,47764
95.167.169.86,12389
95.175.96.10,49282
95.175.96.7,49282
95.175.97.18,49282
95.179.204.5,20473
95.216.134.168,24940
95.3.56.189,9121
95.47.236.145,204671
95.58.160.185,9198
95.59.172.12,9198
95.59.172.46,9198
95.59.172.86,9198
95.59.172.9,9198
96.110.34.14,7922
96.110.42.77,7922
96.127.249.58,1403
96.216.188.9,7922
96.216.237.9,7922
98.98.230.69,4229
98.98.231.36,4229
