prb_id,probe_ip,asn,country
7557,103.96.67.60,63771,JP
7594,200.82.230.154,21826,VE
6875,192.1.110.32,1856,US
7663,103.161.244.73,141682,JP
6398,200.94.182.170,22894,MX
6885,89.236.171.11,15600,CH
7233,148.225.112.222,4493,MX
7003,195.246.236.1,39637,NL
7496,23.129.32.21,53356,US
7554,45.130.46.137,208976,DE
7305,91.221.4.240,49798,SK
6660,146.185.214.58,202422,AU
7141,185.201.145.118,29423,DE
6589,194.50.99.201,34800,DE
7378,185.78.84.3,213301,TR
6641,92.38.135.131,202422,KR
7188,84.32.189.210,59642,NL
7010,63.222.189.7,3491,SG
7429,49.255.158.255,4826,AU
7550,216.173.77.162,397032,US
6714,46.30.208.71,51468,DK
6480,23.131.160.206,13925,US
6732,163.117.253.5,766,ES
6388,208.40.192.202,17054,US
7436,216.238.41.68,54148,US
6590,109.230.214.3,199610,US
6534,2.58.52.152,200462,DE
7140,46.17.200.235,49675,RU
6719,54.39.185.31,16276,CA
6907,103.153.176.111,131657,TW
7383,195.200.235.110,48732,FR
7083,83.175.125.178,31510,AT
6524,107.162.216.5,55002,US
6358,196.49.15.189,328998,UG
6664,146.185.219.73,202422,IL
6838,192.44.83.3,680,DE
7618,193.242.223.11,214895,DE
6716,82.148.224.6,25376,GB
6601,194.50.92.201,58057,DE
7567,212.202.68.3,20676,DE
6661,92.38.184.82,202422,NL
7397,37.252.190.73,44133,AT
7146,85.118.58.213,29075,FR
7624,200.114.94.251,28120,CL
7386,194.179.134.13,57630,SE
6380,196.49.14.25,30997,GH
6370,103.202.216.76,59105,JP
7569,185.181.228.26,60602,MD
6559,185.97.160.7,199188,GB
6674,194.50.88.164,39617,GB
6797,147.135.78.61,16276,US
6968,159.65.150.114,14061,IN
6857,81.91.160.93,8763,DE
7389,46.253.6.4,216145,BG
7637,83.171.216.35,41273,LU
7398,193.201.40.211,24796,IT
7584,178.249.188.250,20836,IT
6929,27.131.108.126,38880,AU
7574,178.251.64.62,51184,AT
6978,156.154.123.254,16552,CO
7279,194.5.240.16,200297,DE
7587,155.232.195.198,2018,ZA
6331,81.169.160.78,6724,DE
7638,91.218.160.29,51346,TJ
6498,206.162.189.131,852,CA
7295,185.249.157.253,34428,IT
7467,197.155.3.27,37199,ZA
6981,156.154.78.254,16552,FR
7109,192.42.97.210,8473,SE
6514,46.22.180.61,24586,NL
7406,79.135.106.48,62371,NO
7527,168.194.149.18,264744,EC
7405,160.20.123.10,152533,IN
6988,156.154.40.254,16552,US
6456,149.248.50.86,20473,CA
7042,217.25.179.62,24776,FR
6756,81.211.196.45,48503,KZ
7421,5.39.202.17,50338,CZ
7591,81.166.54.213,29695,NO
7416,23.186.184.9,11358,CA
7544,91.236.1.239,198524,SI
6515,153.92.43.249,201126,GB
7650,190.57.65.8,12127,SV
7473,194.146.214.12,25164,CH
6327,161.53.251.28,2108,HR
7599,170.39.49.54,60900,CA
7601,178.22.128.65,50858,FR
6827,143.205.170.32,1111,AT
7552,185.83.119.6,201172,FI
6815,95.47.236.146,204671,EE
6956,213.222.217.85,28785,PL
7669,91.124.1.25,213615,NL
7000,185.119.168.5,197422,FR
7317,195.5.171.248,398485,DE
7611,154.82.159.85,150000,PH
7605,192.248.121.250,38229,LK
7600,37.72.101.21,61029,NL
7240,38.47.176.252,140443,SG
7063,197.189.194.147,37153,ZA
7364,185.138.41.40,199246,GR
7186,45.87.135.252,208398,SG
6602,148.163.220.5,36236,BR
7258,194.56.191.153,207143,CH
7489,213.157.13.157,12897,DE
7084,31.15.54.138,1257,SE
7195,85.236.41.237,15456,DE
7493,204.27.68.152,214213,PT
6900,94.199.91.189,48328,DE
6476,94.199.170.201,48362,AT
6846,89.185.60.124,8426,FR
7621,103.125.244.43,141013,PH
6543,193.33.94.201,58057,CH
7392,163.47.131.226,64073,NZ
7333,203.29.65.11,18390,AU
6849,203.119.111.139,4608,AU
7193,23.148.232.6,59678,US
7071,80.93.87.194,21409,FR
6777,41.221.208.94,3491,MZ
6715,51.89.117.81,16276,DE
7437,193.17.90.35,210752,DE
7465,5.2.80.82,3188,TR
7592,185.126.7.10,34918,IR
7468,38.224.153.242,273843,VE
6425,202.214.97.16,2497,JP
7269,116.206.155.229,45117,IN
6995,156.154.182.254,16552,TW
7111,124.157.73.186,24324,NZ
6554,200.1.122.55,27678,CL
6434,45.77.211.82,20473,US
7588,202.2.120.41,23917,TV
6633,138.204.7.245,263777,AR
7414,200.3.168.71,11815,AR
7486,103.147.22.54,18041,TW
7558,103.48.31.139,59105,JP
7136,193.49.43.151,2200,FR
7256,66.255.252.225,13781,US
7501,80.252.103.230,8893,DE
6482,204.87.183.13,7247,US
7565,103.230.56.44,140344,MY
6538,94.247.111.19,49673,RU
6505,213.157.192.2,16010,GE
6454,144.202.18.114,20473,US
6755,81.211.204.45,48503,KZ
6993,156.154.135.254,16552,ZA
6745,81.211.193.45,48503,KZ
7050,196.49.84.188,328913,CM
7124,138.186.10.34,52511,CL
7068,194.125.250.102,204035,DE
7242,170.238.235.214,37468,BR
6810,78.128.211.119,2852,CZ
7490,213.163.75.175,49544,NL
6631,92.38.178.149,202422,JP
6402,85.187.20.236,31287,BG
7310,38.47.189.189,140443,MY
7307,138.117.32.11,264479,BR
6937,130.104.228.159,2611,BE
7660,91.196.6.30,215318,NL
6410,200.160.6.19,22548,BR
7545,103.186.92.69,149697,ID
7247,203.123.48.20,37989,SG
6888,23.159.16.30,835,CA
7065,217.243.179.165,3320,US
7425,46.20.203.254,204106,TJ
7067,185.122.101.201,203596,FR
6414,185.126.112.18,3236,UA
7130,194.68.41.27,210422,SE
7613,157.20.147.16,152605,PK
7069,31.172.2.34,50629,DE
6533,193.135.150.58,2613,CH
7198,63.222.248.5,3491,AE
7371,46.229.54.12,210490,UA
7375,103.136.36.102,138800,IN
7615,188.246.240.2,197556,KZ
6844,88.81.228.254,3326,UA
6544,88.86.103.5,39392,CZ
7372,194.230.35.117,6730,CH
7085,185.144.72.8,49088,IT
7261,185.15.59.74,14907,NL
7503,18.153.158.127,16509,DE
7502,92.60.13.86,1764,AT
7019,143.208.160.10,53046,BR
6431,109.171.136.4,50999,SA
7516,62.115.157.74,1299,US
7630,200.82.230.152,21826,VE
7643,23.176.224.18,397376,US
7157,23.174.128.243,53698,US
7582,103.17.154.66,401332,US
6373,69.30.249.206,32097,US
7220,212.72.236.67,200995,NL
7521,91.244.71.7,215120,DE
6925,170.39.225.183,917,US
6552,185.57.191.228,201971,GB
7219,102.130.67.116,37468,SG
6390,194.242.34.190,20612,CH
7040,217.243.179.215,3320,AT
7278,152.36.205.46,138322,AF
6385,93.190.252.148,21473,DE
7097,141.98.136.85,56381,DE
6989,156.154.38.254,16552,US
7284,103.225.148.38,45701,ID
7102,182.161.73.41,55569,SG
6936,185.209.84.141,57578,RU
7412,195.253.76.130,8391,DE
7590,85.158.212.193,8368,BE
7597,131.196.246.22,265561,MX
6581,185.244.192.10,197540,DE
7661,103.146.103.69,209735,GB
7288,103.215.229.229,140443,ID
7346,23.128.248.9,400226,US
6630,178.251.24.49,42093,NL
7227,23.153.56.30,35008,US
7478,185.181.224.13,206549,DE
7238,23.147.72.15,23428,US
7368,23.173.128.6,396279,US
6933,94.231.212.79,207423,RU
7606,193.30.242.171,62206,UA
6945,156.154.80.254,16552,GB
7012,213.158.113.5,13101,DE
7435,217.113.177.234,30766,DE
7658,145.249.228.158,21299,KZ
6346,141.44.3.252,680,DE
7604,149.62.153.190,57119,FR
6477,107.162.219.5,55002,SG
6941,185.41.106.81,199938,DE
7674,103.179.107.33,149251,IN
6585,192.73.253.2,36236,US
6657,185.113.24.114,20596,GB
7494,192.136.74.2,6667,FI
7032,63.222.187.5,3491,PH
7384,212.114.120.109,12859,NL
7078,63.222.191.5,3491,AU
7635,185.93.174.72,47536,DE
7440,217.29.76.27,16004,IT
6423,176.74.17.75,41000,GB
7339,45.88.5.252,39521,NL
6792,141.164.39.1,20473,KR
6366,195.130.61.208,8670,BA
6918,139.162.3.33,63949,SG
7044,45.148.157.1,50903,FR
7513,208.80.155.69,14907,US
7129,62.109.128.111,29134,CZ
7623,196.49.32.248,36940,NG
6731,195.187.36.10,8308,PL
7207,102.222.106.178,328699,MU
7021,185.194.168.88,206062,GB
7020,130.193.166.22,21277,IQ
7292,103.152.226.255,32167,HK
7422,45.68.49.82,273149,GT
7595,103.140.194.100,151197,LK
7533,134.208.12.160,1659,TW
7547,202.87.175.244,18390,AU
7483,160.30.98.28,9923,TW
7445,103.204.195.13,215605,NL
7556,185.193.244.26,62035,CH
6974,182.161.74.241,55569,JP
7585,204.8.234.200,395412,US
6866,87.195.25.82,12414,NL
7522,194.116.150.240,44949,NL
7519,185.244.24.78,202585,NL
7344,185.131.204.20,6730,CH
6565,192.5.203.212,63056,US
7471,168.235.89.42,3842,US
7402,45.95.204.205,60767,DE
7593,194.36.75.30,51333,IT
6923,103.151.64.31,140627,US
7647,91.209.16.127,212073,PT
7341,74.117.24.255,32270,US
6451,107.162.220.5,55002,GB
7294,149.34.193.159,208972,TR
6503,45.76.126.106,20473,AU
7352,206.237.97.100,140443,ID
7239,102.130.66.11,37468,AO
7472,185.35.235.249,59790,DE
7602,212.57.57.215,41960,NL
6643,92.38.132.60,202422,US
7004,204.11.3.45,34936,DE
6352,84.88.18.254,13041,ES
7433,43.228.174.199,63806,JP
7484,91.227.33.250,215120,AT
7423,160.30.224.19,153112,ID
7072,45.142.246.158,57578,RU
7062,196.40.111.147,37153,ZA
7011,170.39.227.194,917,US
7614,162.245.206.237,49544,US
7441,103.162.19.252,141640,ID
6526,195.209.139.36,29114,RU
7376,185.188.199.43,205747,CH
6659,5.188.238.222,202422,BR
7374,69.89.207.87,33362,US
7380,104.234.21.4,396163,US
6541,185.206.184.74,42207,SI
6424,185.161.192.39,50178,IT
7092,103.116.125.2,23947,SG
6558,85.197.82.113,25220,DE
7536,185.66.43.99,197712,ES
6453,86.107.73.26,60149,RO
6952,217.28.166.213,3292,DK
6588,206.196.178.150,10886,US
7499,23.131.161.178,13925,US
7511,213.128.137.33,12731,DE
7627,194.8.133.14,216333,NL
7388,45.68.91.34,273890,VE
6970,128.199.105.50,14061,SG
6490,192.42.42.166,559,CH
7151,212.62.68.29,8879,DE
7035,37.157.253.244,24961,DE
7620,103.125.244.41,141013,PH
7158,23.152.192.245,53698,US
6547,109.248.43.37,202297,CZ
6794,141.193.21.100,46997,US
7462,41.216.196.88,37105,ZA
6325,94.136.2.190,48943,AT
6676,203.175.175.206,24482,SG
6675,185.78.49.100,201333,IT
7043,205.201.63.22,395823,US
7226,89.116.135.200,49703,LU
7152,212.101.201.29,12437,DE
7052,66.244.16.33,23483,US
7286,91.206.229.135,209428,FR
7104,179.0.200.36,272037,PA
7641,205.173.253.200,40470,CA
7342,185.211.231.146,61399,KG
7476,193.171.255.2,1120,AT
6574,162.255.145.7,40809,US
7002,193.180.242.86,199150,SE
6577,85.162.162.14,28725,CZ
7360,23.176.216.20,23459,US
7355,84.54.64.38,8193,UZ
6996,203.119.15.254,16552,SG
7482,23.132.228.110,6517,IT
7540,102.205.240.6,213481,ZA
6335,95.163.252.10,47764,RU
7530,204.157.96.26,272951,VE
7654,91.204.73.193,20292,DE
7609,200.25.45.99,7195,PE
7182,80.80.254.254,34785,AT
6336,217.198.242.227,2857,DE
7300,89.190.1.74,199087,FI
7603,185.54.28.231,60163,NO
7366,185.251.115.165,60354,FI
6826,91.190.224.98,42184,DE
7420,45.148.64.254,215024,AE
6842,217.197.95.69,29670,DE
6535,212.119.5.254,209915,DE
7073,185.54.81.31,202032,CH
6586,37.10.41.14,202196,SG
7617,200.50.248.44,61510,AR
6475,93.113.126.132,60149,RO
6609,185.184.236.30,45014,GB
6604,31.47.76.181,15954,ES
6966,165.227.45.164,14061,CA
7507,185.17.243.228,61136,FR
6417,185.173.16.151,48112,RO
6348,193.0.0.165,3333,NL
6824,77.220.233.1,42699,DE
7555,86.60.253.235,39699,FI
6940,139.162.139.168,63949,DE
7254,103.170.154.254,142594,GB
6887,27.111.84.21,135132,PH
7070,155.254.2.42,4508,CA
7428,49.255.112.151,4826,AU
7370,144.208.192.250,40980,AT
6779,41.79.249.228,3491,ZA
7666,172.98.51.131,399728,GB
7667,172.98.49.134,399728,US
7007,63.222.188.9,3491,MY
6357,31.172.2.253,50629,DE
7367,170.247.95.242,64112,CL
6891,150.164.1.222,271354,BR
7377,193.3.165.56,202359,GB
7434,185.195.236.63,215467,SE
6904,202.46.184.4,38064,NZ
6896,213.91.165.185,8866,BG
7332,23.133.168.197,400442,CA
7625,212.100.172.77,215262,GB
7077,216.48.178.84,132420,IN
6360,91.135.161.162,39878,AT
7577,198.135.169.29,396993,CA
7395,23.188.56.98,401332,US
7325,203.41.0.51,1221,AU
7276,103.147.52.54,139949,ID
7159,192.33.139.235,53698,US
6644,92.38.169.178,199524,US
7549,136.0.251.253,397032,US
6950,23.161.80.44,398447,US
7443,5.28.0.17,12303,HU
6893,193.150.67.230,198127,BG
6960,195.80.157.38,29152,FR
7210,185.6.39.132,42953,IE
7452,128.3.53.110,16,US
7025,193.163.86.201,58057,NL
6784,207.226.224.236,3491,DE
7458,45.146.194.67,57965,LU
6727,139.99.219.16,16276,AU
6911,185.17.70.76,198249,CH
7450,45.155.168.68,62000,FR
6725,23.157.160.140,21700,US
7400,171.244.19.251,7552,VN
6680,81.91.95.116,39790,CZ
7444,94.142.240.221,8283,NL
7525,200.5.63.109,263762,CR
6861,193.2.63.12,2107,SI
6382,90.223.193.3,5607,GB
6687,147.84.200.125,39069,ES
6979,156.154.76.254,16552,DE
6439,107.162.218.5,55002,RS
7037,70.34.195.54,20473,SE
7463,102.208.239.123,328266,ZA
7047,80.77.4.60,15412,AE
7236,185.225.207.9,44024,RO
7106,45.5.10.13,265695,DO
7662,103.161.244.86,141682,US
6571,185.36.180.55,200129,LU
6580,103.40.209.7,63834,JP
7302,185.29.203.234,61349,NL
7664,193.167.67.30,1741,FI
6877,45.87.76.6,208725,NL
7361,23.130.138.34,52210,US
7017,82.98.154.62,42612,ES
6649,37.10.126.72,199610,US
7492,103.167.250.30,38254,TW
7381,104.234.31.4,396163,US
7385,103.142.152.109,152735,GU
7403,185.70.43.48,62371,DE
7655,188.246.241.2,197556,KZ
6634,206.144.240.4,5006,US
7098,103.242.68.78,133075,NZ
7520,156.0.219.47,328210,ZA
6582,185.18.215.214,48715,IR
7446,185.80.233.175,24875,NL
6655,185.51.192.48,60781,NL
7018,103.2.186.195,45345,NC
7181,217.197.106.141,204471,IT
6696,145.239.14.84,16276,FR
6948,193.57.144.24,207841,GB
6763,109.168.125.243,5602,IT
6521,103.41.247.70,133802,ID
7319,185.209.172.154,205687,AT
6647,5.62.127.14,199610,GB
6413,83.243.44.55,34549,DE
7387,83.142.31.253,215085,NL
6669,5.188.108.64,202422,PL
7080,63.222.190.5,3491,JP
6790,45.11.105.136,57695,BR
6905,103.253.132.25,59238,TH
7633,103.174.12.226,147178,PH
6997,185.92.0.41,202536,TR
6804,204.9.92.179,16409,US
6931,45.183.45.23,64116,PE
7612,167.150.200.46,205966,SE
7488,103.138.72.150,138997,CN
6818,63.222.40.114,3491,TW
6835,173.248.145.27,30475,US
7659,181.224.222.14,271927,CO
6692,206.144.243.4,5006,US
6747,81.211.198.45,48503,KZ
7231,194.31.131.71,200232,NL
6928,170.39.224.221,917,US
7184,185.32.187.206,208398,DE
6809,80.79.16.242,24971,CZ
6583,81.27.254.54,20764,RU
7298,45.71.11.105,64112,MX
7608,200.25.27.111,7195,CO
6768,185.36.180.63,200129,LU
7607,131.100.140.163,26617,SV
6350,193.138.218.50,39351,SE
7675,185.238.241.33,209710,KR
7139,94.228.136.23,41887,NL
7564,133.69.15.4,2523,JP
6903,23.186.248.2,62467,US
7323,114.31.201.91,4826,AU
6873,193.50.97.164,2200,FR
7369,102.217.156.154,328977,KE
7528,45.68.6.108,271885,GT
7314,217.196.147.89,5404,AT
7066,91.213.39.29,49558,RU
6318,46.249.96.2,12697,IR
6313,185.138.143.34,203329,DE
7091,203.174.85.106,38001,SG
6679,195.158.60.23,8319,DE
6619,185.28.108.163,12773,UA
6668,92.38.171.55,202422,ES
6624,176.114.16.104,58067,RU
7087,208.90.108.84,40581,US
7636,87.247.54.102,21299,KZ
7628,212.47.157.17,34170,AZ
7570,38.191.196.19,273103,CO
6435,194.187.174.6,35574,IT
7454,89.37.98.34,50917,NL
6853,193.169.52.51,49404,RU
7022,185.70.144.118,200567,DE
7209,80.241.3.66,21282,KZ
7076,51.158.138.25,12876,NL
7626,199.47.240.23,47272,GB
6728,193.17.192.164,34019,FR
7090,193.105.163.172,13004,RS
7145,185.86.67.69,41494,RO
7629,102.23.166.242,328585,NG
6851,213.108.25.10,197564,SE
7095,144.172.124.251,397031,US
6438,87.237.203.50,51859,RS
7028,103.156.251.7,141235,SG
7283,45.68.35.213,64150,HN
7589,85.93.31.8,212057,AT
6332,88.198.173.54,24940,DE
6800,51.83.252.103,16276,PL
7170,86.38.3.141,15419,LT
7460,200.7.84.24,28000,UY
7165,185.32.187.161,208398,RU
7419,193.163.102.206,39839,DK
7596,192.248.2.30,38229,LK
6880,87.253.184.92,35258,DE
7586,200.58.72.14,27839,BO
6518,46.29.176.71,206610,LU
6400,37.10.45.14,202196,NL
6396,195.30.70.33,5539,DE
6333,80.67.163.251,20766,FR
7431,45.12.252.66,204841,PL
7126,103.113.176.82,137566,TH
7013,193.46.104.18,30971,AT
6946,156.154.35.254,16552,US
6829,77.88.216.1,3326,UA
6830,192.134.1.25,2486,FR
6854,185.70.41.236,62371,CH
7459,5.152.153.17,57630,SE
7572,23.182.72.8,401167,CA
6488,143.255.248.149,61468,EC
7033,85.93.215.82,9008,LU
7634,102.206.164.247,207113,KE
6448,185.221.36.2,48854,DK
7448,119.252.112.108,139759,FM
7223,217.31.202.22,25192,CZ
6921,92.243.9.77,203476,FR
6737,109.68.162.233,39923,BE
6450,194.187.172.112,35574,IT
7457,170.81.100.114,61618,BR
7351,37.143.170.18,52023,RO
6994,94.207.43.2,57187,AE
7413,212.202.68.1,20676,DE
6387,213.206.174.172,21473,DE
7105,23.138.112.22,267,US
6935,102.130.49.144,35487,ZA
7404,41.223.244.153,32437,ZA
7470,107.161.24.205,3842,US
7642,31.204.145.99,49544,JP
6632,195.169.128.156,1103,NL
6389,208.86.250.253,36444,US
6870,46.183.250.14,15693,NL
6513,89.234.181.105,62000,FR
6930,141.105.133.30,206621,UA
6990,156.154.37.254,16552,US
6506,139.180.132.31,20473,SG
7245,79.142.70.56,51430,BG
6944,156.154.53.254,16552,AE
6932,91.200.16.69,1200,NL
6520,5.1.99.172,198385,CH
7183,185.229.88.69,207143,AT
7671,217.74.107.122,8399,FR
7064,91.236.55.69,50599,PL
6351,212.3.202.246,24921,LV
7610,195.80.113.181,8240,EE
7327,185.108.68.174,24577,PL
6599,149.28.210.233,20473,US
6420,131.100.0.158,42473,MX
7253,192.158.252.10,1280,US
7150,45.12.55.69,208972,TR
7510,154.197.77.19,273147,CR
6372,137.193.69.236,680,DE
6788,147.251.58.107,2852,CZ
7267,165.140.127.23,400245,US
6909,45.79.110.82,63949,US
6623,188.143.128.12,44050,RU
7137,212.103.84.18,15576,CH
6787,62.176.249.60,9136,DE
6307,193.0.0.164,3333,NL
6730,81.211.172.100,48503,KZ
7221,209.189.223.8,7752,US
7409,213.145.209.201,13170,FI
7222,102.130.68.151,37468,ZA
6328,185.32.189.249,62416,PT
6499,153.92.43.251,201126,GB
6927,170.39.226.151,917,US
7290,103.225.148.27,45701,ID
6999,193.27.55.25,15451,DE
6865,91.237.218.10,212882,BE
7171,62.50.171.162,35132,NO
7537,101.99.94.87,45839,BG
6959,80.92.124.145,34347,AT
6767,194.116.77.35,41364,IT
7189,83.145.23.2,12552,SE
7320,5.180.57.81,56987,FR
6658,93.174.194.183,20904,FI
7505,170.210.5.200,4270,AR
7497,212.121.181.15,5436,FR
7672,140.235.236.25,400848,US
6962,94.203.76.219,15802,AE
6972,104.131.160.184,14061,US
6863,87.195.79.82,12414,NL
6733,193.232.226.58,8985,RU
7169,194.145.125.9,39063,DE
6568,103.242.74.185,41095,SG
7099,190.124.192.162,28109,AR
7535,77.75.75.32,43037,CZ
6563,78.141.215.164,20473,NL
6695,194.81.236.229,786,GB
7648,185.229.133.6,204203,IR
7224,23.175.209.11,54316,US
7287,37.46.126.117,51430,NL
6455,104.238.161.230,20473,JP
7415,46.17.216.15,214770,CH
7362,102.217.253.202,328964,ZA
7354,185.104.160.214,204989,DE
6813,193.141.27.220,202040,DE
7234,91.221.37.27,51724,RU
6508,85.185.93.118,58224,IR
6881,91.185.6.14,41798,KZ
7411,5.253.37.44,207994,NL
7244,146.255.64.30,34547,MK
7657,50.31.137.188,23352,US
7005,80.67.181.29,204059,BE
7498,104.153.86.175,49544,US
7196,138.124.150.83,24840,DE
7134,193.19.209.1,48813,FR
7006,5.145.135.67,34953,DE
7665,38.146.216.130,399728,LB
7272,5.199.167.27,216444,SG
7205,84.32.130.43,204770,US
6426,213.184.86.101,59795,DK
6860,103.144.177.30,53356,CA
6897,213.91.165.187,8866,BG
6550,37.202.7.126,15817,DE
7390,45.68.42.34,273867,DO
6780,193.148.250.29,34927,CH
6251,193.65.45.86,719,FI
6494,80.67.190.218,204092,FR
7206,104.167.215.167,60841,US
7031,45.150.40.189,45009,NL
7086,37.46.78.66,15699,ES
6858,139.19.117.65,680,DE
6626,84.38.236.1,31673,NL
6616,94.77.252.90,47794,SA
7396,194.122.76.246,3257,NL
7053,91.232.156.247,57692,FI
6681,103.77.105.3,133800,ID
7107,213.197.128.134,15440,LT
7174,94.126.239.59,48070,GB
6817,51.159.68.135,12876,FR
6452,207.246.74.246,20473,US
6639,37.10.40.14,202196,HK
6764,103.126.52.180,138466,AU
7487,185.71.177.181,200675,SE
6428,208.73.138.12,32425,US
7030,45.11.104.146,23961,CN
7466,193.30.34.57,54014,US
7110,195.32.69.197,21034,IT
6833,23.157.112.121,62538,US
6839,217.76.65.78,29555,KZ
7509,103.102.166.20,14907,SG
7481,103.137.22.224,134823,TW
7363,38.142.247.156,174,US
6953,156.154.184.254,16552,IN
6762,185.157.231.49,41327,IT
7670,163.61.41.66,153566,NP
6967,46.101.130.201,14061,DE
6379,104.225.3.74,36236,US
6429,213.238.162.218,48292,TR
7163,179.43.96.85,263189,PE
6326,91.202.128.78,13032,UA
7553,38.10.250.194,269730,VE
7014,68.64.60.178,19528,US
6334,193.170.114.242,1853,AT
6751,77.220.248.89,62310,DE
6984,156.154.77.254,16552,NL
7293,185.233.32.213,211997,FR
6757,81.211.201.45,48503,KZ
6635,185.111.204.121,39923,BE
6569,188.172.217.86,42473,ZA
6636,128.0.115.66,199610,AU
6642,92.223.105.240,202422,LU
7649,194.145.140.28,6750,ES
7543,77.75.74.32,43037,CZ
7539,212.127.78.138,35179,PL
7656,185.74.68.254,29222,CH
7250,31.3.155.41,51430,SE
6349,200.132.1.32,2716,BR
7316,185.121.168.251,61138,NZ
7201,104.167.214.46,60841,NL
6553,37.252.251.26,42473,CL
6973,128.199.5.28,14061,US
6446,185.40.232.202,36236,GB
7131,77.109.180.62,13030,CH
7117,195.191.197.68,59645,DE
7646,185.234.20.181,216107,NL
6509,31.14.143.132,31034,IT
6512,80.82.241.134,28792,GB
6872,94.242.1.50,43317,RU
7115,123.176.1.4,7642,MV
6408,104.225.102.122,36236,US
7185,185.32.187.165,208398,FI
6663,92.223.93.208,202422,IT
6723,180.149.98.146,45204,MN
6963,185.178.172.32,206548,CZ
7197,45.131.252.71,13030,CH
7265,185.35.147.163,200187,DE
7268,87.237.165.29,41047,DE
6801,148.163.223.233,36236,CL
7455,202.124.238.42,17893,PW
7644,185.229.28.6,39650,IR
7277,117.250.113.140,9829,IN
7026,185.173.128.71,57777,CH
7075,62.154.179.86,3320,DE
7622,116.89.245.43,141013,PH
7508,195.200.68.66,14907,BR
6689,193.36.105.129,210036,CH
7479,63.222.185.27,3491,CN
6775,192.30.89.87,394256,CA
7308,201.219.153.38,20015,CL
7200,140.235.74.68,60841,GB
7135,94.228.142.117,41887,NL
7190,45.87.135.254,208398,NL
6598,149.248.18.65,20473,US
6600,185.145.196.198,42263,DE
7274,77.223.128.226,43391,TR
6982,156.154.180.254,16552,CN
7334,170.39.178.162,394177,US
6977,156.154.122.254,16552,BR
7101,143.129.80.132,2611,BE
7580,66.231.64.27,23246,EC
7166,103.69.212.8,132337,SG
7579,199.47.145.34,396993,US
7526,196.49.9.52,327821,MU
7399,158.64.14.122,2602,LU
6758,81.211.202.45,48503,KZ
6511,91.215.150.218,34612,NL
7548,202.61.114.211,132255,NZ
7475,139.5.70.209,17501,NP
7477,46.244.63.73,49784,NL
7453,91.218.5.67,51225,AM
6436,207.246.88.250,20473,US
7216,78.41.116.136,35492,AT
6329,188.172.218.22,42473,IT
6980,156.154.79.254,16552,ES
7096,93.90.135.201,47295,DE
7275,180.211.88.22,45725,ID
6443,212.51.187.100,16347,FR
7640,124.217.226.30,45839,MY
6753,81.211.203.45,48503,KZ
6629,92.38.176.25,202422,US
6992,156.154.36.254,16552,US
7480,76.53.61.200,20001,US
6834,5.226.144.240,58299,CH
6882,196.6.220.42,37578,KE
6718,101.53.31.6,24173,VN
6717,81.18.177.166,39180,FR
6799,45.83.105.192,197540,DE
7573,103.80.80.238,64300,ID
6803,103.121.34.150,138398,NZ
7282,80.247.237.225,15826,FR
7418,45.14.110.106,6768,UA
6759,81.211.195.45,48503,KZ
7541,200.107.82.196,263779,CR
6562,45.77.229.242,20473,GB
6752,81.211.197.45,48503,KZ
6342,185.54.92.70,203993,NL
6517,199.119.65.55,917,US
6774,23.170.33.3,397131,CA
6761,141.28.230.229,553,DE
7009,45.94.14.204,208520,SA
7432,114.31.207.7,4826,AU
7500,45.187.93.58,269829,VE
7143,194.187.91.17,39040,CH
6493,206.108.17.63,852,CA
6546,138.255.248.5,264605,DO
7561,157.20.113.125,152590,AU
7027,193.3.231.158,59441,IR
7512,213.225.160.239,8839,FR
7329,95.175.97.22,49282,FI
6432,129.13.73.54,34878,DE
6922,81.20.112.23,39835,DE
6427,119.17.170.244,9268,AU
7631,200.82.230.174,21826,VE
6693,78.47.56.73,24940,DE
7534,151.232.60.39,58224,IR
6898,23.168.145.10,398960,US
6364,45.65.244.254,265721,DO
6374,37.143.33.15,43350,NL
6738,45.136.136.201,58057,GB
7639,85.29.184.130,21299,KZ
6567,94.198.159.9,1140,NL
7538,195.191.35.30,42295,BG
7359,45.157.175.37,201115,GB
6686,195.190.26.29,21013,AT
6594,128.0.113.132,199610,SG
7304,85.233.1.54,29505,DE
6540,213.173.161.11,206484,CH
7619,85.31.23.134,21013,AT
6841,195.130.66.103,199399,GR
7262,203.41.0.250,1221,AU
6487,103.84.153.114,36236,SG
6845,195.250.60.125,198228,BG
7318,213.135.49.134,20555,PL
7563,103.167.46.71,45679,JP
7328,102.212.60.10,329276,ZA
7514,216.194.166.172,22611,US
6740,185.93.159.17,1850,IS
7464,185.157.208.248,51392,GR
7651,78.138.61.179,47526,DE
7048,91.234.194.103,210403,FR
6919,188.93.174.26,210834,LU
6869,45.86.126.73,213392,DE
6441,91.209.0.21,60396,SE
7113,177.124.129.226,52863,BR
7523,199.192.70.17,32281,US
6878,31.130.200.18,56740,BY
6811,63.218.212.242,3491,US
7127,192.42.97.214,8473,SE
7180,185.32.187.169,208398,RU
7008,193.46.104.17,30971,AT
7598,83.136.165.66,34659,FR
6411,107.162.217.5,55002,US
7568,177.85.156.51,52564,BR
7322,212.45.159.245,8816,IT
7271,103.170.25.13,142360,ID
7542,200.63.125.244,27976,AR
7668,172.98.48.131,399728,US
7439,87.238.48.84,39029,NO
6597,66.42.119.57,20473,US
7379,166.0.67.4,396163,US
6899,204.8.154.50,10961,US
7324,185.60.88.254,201898,IM
6363,217.70.176.109,29169,FR
7225,213.143.120.118,29287,AT
6754,81.211.199.45,48503,KZ
6407,107.162.223.5,55002,US
6883,188.124.38.132,49505,RU
7495,160.30.99.50,215470,TW
7172,63.222.106.8,3491,KR
7576,118.107.220.247,55720,MY
7645,80.244.7.34,49556,IR
7442,78.24.234.5,208906,CZ
7491,31.56.45.246,214138,DE
7616,145.220.0.55,1101,NL
7447,88.218.206.192,215467,PL
6726,139.99.78.22,16276,SG
7215,23.143.82.14,1003,US
7326,203.41.0.43,1221,AU
7168,188.68.188.108,201800,RU
6836,185.102.84.201,58057,US
6965,193.1.33.11,1213,IE
6485,170.247.95.81,64112,CL
6868,195.43.159.22,207788,NO
6736,5.182.144.161,209097,FR
6447,195.16.81.9,35065,DE
6392,37.252.245.94,42473,AE
6879,90.223.193.1,5607,GB
6393,131.72.76.118,264811,TT
7408,83.229.8.46,39120,IT
6746,81.211.194.45,48503,KZ
7049,170.254.172.12,265641,VE
7280,91.218.22.229,211186,GR
6330,185.139.168.19,203296,FI
6516,153.92.43.250,201126,GB
7485,23.146.248.12,204844,TW
7401,196.49.5.99,327844,TZ
7038,208.80.152.244,14907,US
7100,185.239.193.37,39484,FI
7350,45.143.199.106,212027,GB
7529,185.33.109.6,24796,AL
7036,82.98.65.254,12306,DE
6576,185.33.216.12,60316,DE
7306,23.142.248.60,393577,US
6750,62.245.181.100,8767,DE
7054,213.182.2.254,12931,DE
7551,195.110.184.7,209049,SL
6942,46.166.168.3,16125,LT
7430,38.110.42.251,2637,US
7199,199.47.174.227,12110,US
7024,93.190.128.178,6881,CZ
7208,188.94.96.182,9022,DE
6548,212.9.170.190,12374,DE
7456,213.184.84.88,59795,NL
7034,89.106.219.238,39702,DE
6971,46.101.90.215,14061,GB
6783,109.230.208.226,199610,US
6564,199.247.13.129,20473,FR
6618,185.104.85.110,8758,CH
6926,194.156.155.241,48386,ES
6722,195.43.87.140,51349,EE
6724,217.243.20.18,3320,DE
7202,178.250.7.79,44788,FR
6734,95.217.19.69,24940,FI
6591,185.142.156.40,48147,IR
6418,216.37.47.154,17054,US
7147,190.64.201.9,6057,UY
6545,212.10.11.213,39642,DK
7583,185.65.243.215,207160,DE
6741,176.119.210.244,56457,GR
6437,207.148.2.169,20473,US
6798,185.34.2.114,36236,AE
6323,188.241.28.37,206186,PL
7039,103.170.232.152,142616,JP
6683,129.143.66.65,553,DE
6320,185.233.100.99,198985,FR
7128,209.209.88.60,399580,CA
6782,74.119.118.17,19750,US
6789,93.88.225.55,44973,DE
7149,212.243.96.78,3303,CH
6317,130.59.80.2,559,CH
7081,195.66.241.220,5459,GB
6924,128.100.103.40,239,CA
6969,188.166.44.91,14061,NL
6832,79.110.170.42,208590,US
6852,195.189.60.149,41009,UA
6523,185.188.44.100,206291,CH
6954,156.154.183.254,16552,IN
7581,89.47.48.188,29222,CH
7578,200.9.157.207,52376,AR
7156,193.111.213.213,50030,DE
6507,185.138.55.234,48821,DE
7474,107.161.22.19,3842,US
6812,185.86.232.132,56357,DE
6662,5.188.168.94,202422,TR
6874,83.97.95.20,20965,FR
7123,94.158.46.146,202619,UA
7249,77.46.127.110,41931,PL
7673,132.255.211.225,264635,SV
6522,172.93.18.42,1403,CA
6769,63.218.125.154,3491,US
7393,91.132.103.240,56958,ES
7560,103.167.46.8,45679,JP
7449,64.187.218.3,21699,US
7652,64.81.174.102,273034,EC
6324,62.80.227.146,25406,LT
7211,84.244.76.247,25248,CZ
6670,92.223.59.77,202422,GB
6749,212.7.0.250,8728,EE
7213,160.99.1.254,13303,RS
7348,74.119.117.157,19750,US
6561,45.76.86.163,20473,DE
6496,185.5.201.10,59715,IT
6666,5.188.93.37,202422,FR
7187,45.87.135.250,208398,US
7125,141.170.22.14,33920,GB
